fighter_name,elo,fights,wins,win_ratio
Rosi Sexton,1441.2544483458512,2,0,0.0
Damien Brown,1457.6791271660372,6,2,0.3333333333333333
ChangHo Lee,1522.4,1,1,1.0
Russell Doane,1455.3008478593952,8,3,0.375
Chuck O'Neil,1471.2,1,0,0.0
Michael Page,1519.6859253162902,2,1,0.5
Tom Lawlor,1526.6233919373349,8,4,0.5
Gerald Harris,1537.8432611185256,3,2,0.6666666666666666
Dominick Cruz,1631.9201867951394,10,7,0.7
Carlos Hernandez,1473.9630913328872,6,3,0.5
Damon Jackson,1517.9130289538462,12,6,0.5
Igor Pokrajac,1464.6342515243205,10,4,0.4
Jason Brilz,1428.73219954486,4,1,0.25
Charlie Campbell,1563.5274195727134,2,2,1.0
Mark Hunt,1541.0577742871938,16,8,0.5
Antonina Shevchenko,1512.2112065323977,8,4,0.5
Papy Abedi,1418.2577062505538,4,1,0.25
Luke Rockhold,1580.404408245269,11,6,0.5454545454545454
Alexandra Albu,1484.2041517599953,4,2,0.5
Jon Jones,1877.2489797551673,19,19,1.0
Song Yadong,1685.1242601693555,13,10,0.7692307692307693
Grigorii Popov,1439.833309257669,2,0,0.0
Joe Solecki,1567.170399062623,8,5,0.625
Dricus Du Plessis,1769.4032611432872,8,8,1.0
Umar Nurmagomedov,1692.7911418661085,6,6,1.0
Stephanie Luciano,1530.6542361701695,1,1,1.0
Ji Yeon Kim,1427.6833989264292,10,3,0.3
Cortavious Romious,1470.1258577768276,1,0,0.0
Kenny Robertson,1519.86914142709,9,4,0.4444444444444444
Sheila Gaff,1427.4269273965592,2,0,0.0
Bojan Velickovic,1486.9172759747428,5,2,0.4
Steve Cantwell,1412.675321305035,3,0,0.0
Kalinn Williams,1535.9465819688141,1,1,1.0
Chris Tuchscherer,1426.9597731640918,2,0,0.0
Genaro Valdez,1405.9937485115072,3,0,0.0
Brok Weaver,1446.411815647723,3,1,0.3333333333333333
Tateki Matsuda,1451.8273351776168,2,0,0.0
Andrei Arlovski,1494.3669989081677,27,13,0.48148148148148145
Tom Blackledge,1461.6,1,0,0.0
Alan Jouban,1569.3639458015864,13,8,0.6153846153846154
Dominick Reyes,1625.2364188145198,11,7,0.6363636363636364
Charlie Brenneman,1403.945797787227,11,4,0.36363636363636365
Reza Madadi,1526.0676295751873,7,3,0.42857142857142855
Armen Petrosyan,1493.7223854215272,6,3,0.5
Fredy Serrano,1509.5124714447086,4,2,0.5
Shamil Gamzatov,1485.1886178789605,2,1,0.5
Anderson Silva,1533.9607722038213,14,7,0.5
Nick Osipczak,1427.721173689366,3,0,0.0
Julia Avila,1511.0006968649627,5,3,0.6
Mike Lullo,1435.9701955474193,2,0,0.0
Nikolay Veretennikov,1480.0854779074887,1,0,0.0
Ryan Benoit,1450.1295404221937,9,3,0.3333333333333333
Thiago Santos,1616.1467765595814,24,14,0.5833333333333334
Nandor Guelmino,1461.6,1,0,0.0
Gadzhimurad Antigulov,1431.0410131635467,6,2,0.3333333333333333
George Sullivan,1461.0424162300567,7,3,0.42857142857142855
Junyong Park,1511.7083719734908,3,2,0.6666666666666666
Brad Tavares,1571.3392278589654,25,15,0.6
Melinda Fabian,1477.2563392968887,1,0,0.0
Carlos Felipe,1515.691262832599,5,3,0.6
Roland Delorme,1510.5984558854852,6,3,0.5
Joey Beltran,1423.3851467119418,8,2,0.25
Santiago Ponzinibbio,1607.103840775033,18,11,0.6111111111111112
Konstantin Erokhin,1441.5187141347974,2,0,0.0
Rashad Evans,1489.96155838241,12,5,0.4166666666666667
Reginaldo Vieira,1465.5620068629673,3,1,0.3333333333333333
Dan Miller,1454.8413601379443,8,3,0.375
Miesha Tate,1549.833533405981,13,7,0.5384615384615384
Kyle Nelson,1489.8048224029444,9,4,0.4444444444444444
Viviane Pereira,1492.7929163119913,4,2,0.5
Gabriel Benitez,1470.2975511319971,15,7,0.4666666666666667
Julio Paulino,1442.6652503023283,2,0,0.0
Matt Lucas,1471.3379552395777,1,0,0.0
Arnold Allen,1707.057145727102,13,11,0.8461538461538461
Andre Fili,1544.7805419310876,22,12,0.5454545454545454
Bryan Battle,1657.6520188985523,8,7,0.875
Juliana Lima,1480.0546639593547,7,3,0.42857142857142855
Dan Stittgen,1441.6657076479928,2,0,0.0
Petr Yan,1693.8197907229244,13,9,0.6923076923076923
Jorge de Oliveira,1429.270171646199,2,0,0.0
Melvin Guillard,1530.3877079870667,11,6,0.5454545454545454
Lewis Gonzalez,1470.0450677075557,1,0,0.0
CJ Vergara,1468.0895526188995,7,3,0.42857142857142855
Tomasz Drwal,1433.1503656743505,2,0,0.0
Anthony Birchak,1426.3955007233235,6,2,0.3333333333333333
Justin Scoggins,1477.009906387963,9,4,0.4444444444444444
Ricky Rainey,1429.1867313552132,2,0,0.0
Takeya Mizugaki,1507.469386371644,14,8,0.5714285714285714
Josh Quinlan,1442.5626384652478,4,1,0.25
Omari Akhmedov,1601.927837703093,14,9,0.6428571428571429
Rodrigo Nascimento,1554.232629634565,8,5,0.625
Carla Esparza,1566.9717236862427,15,9,0.6
Jessica Rakoczy,1437.789073850637,2,0,0.0
Josh Ferguson,1440.3482132250845,2,0,0.0
Oluwale Bamgbose,1410.3600409837136,5,1,0.2
Shara Magomedov,1624.920297426558,4,4,1.0
Belal Muhammad,1782.306016115534,18,15,0.8333333333333334
Claudio Ribeiro,1437.071911832138,4,1,0.25
Jorge Santiago,1423.0060404610726,3,0,0.0
Cristina Stanciu,1430.4883941543985,2,0,0.0
Yancy Medeiros,1510.942232088844,14,6,0.42857142857142855
Jose Maria,1429.7331399976235,2,0,0.0
Aaron Rosa,1450.4989163497207,3,1,0.3333333333333333
Matthew Riddle,1538.4952595779555,6,4,0.6666666666666666
Gilbert Smith,1471.2,1,0,0.0
Ike Villanueva,1365.8915661744477,6,1,0.16666666666666666
Teemu Packalen,1441.8585144807748,4,1,0.25
Zabit Magomedsharipov,1669.3348140932062,6,6,1.0
Zac Pauga,1420.6191641821372,4,1,0.25
Gloria de Paula,1438.091707937957,4,1,0.25
Caolan Loughran,1475.746250206399,3,1,0.3333333333333333
Mohammed Usman,1516.181487790237,5,3,0.6
Josh Koscheck,1441.8432658600352,9,3,0.3333333333333333
Charles Jourdain,1549.3626186715535,14,7,0.5
Roan Carneiro,1514.4218142912314,4,2,0.5
Jerrod Sanders,1460.353603200555,3,1,0.3333333333333333
Liu Pingyuan,1486.35112790763,4,2,0.5
Muhammad Naimov,1554.2677183006367,4,3,0.75
Khabib Nurmagomedov,1817.9647077239952,13,13,1.0
John Lineker,1682.996570892128,16,12,0.75
Erik Koch,1511.6142301550863,10,5,0.5
Johnny Bedford,1458.7354459978844,5,2,0.4
Javid Basharat,1554.547380617971,4,3,0.75
Allan Nascimento,1549.459684647094,3,2,0.6666666666666666
Uriah Hall,1620.63574721719,20,11,0.55
Steven Nguyen,1466.3921086362034,1,0,0.0
Gilbert Burns,1686.9629063007865,23,15,0.6521739130434783
Chris Gutierrez,1637.0167541787907,12,9,0.75
Magomed Bibulatov,1471.6501371178879,3,1,0.3333333333333333
Dustin Poirier,1744.4816236462864,30,22,0.7333333333333333
Weili Zhang,1617.1921694097664,4,4,1.0
Sam Sicilia,1443.0214346770354,12,5,0.4166666666666667
Matt Van Buren,1421.1029390600083,2,0,0.0
Alan Patrick,1517.6313491568717,9,5,0.5555555555555556
Nicolae Negumereanu,1543.8294523437598,6,4,0.6666666666666666
Karo Parisyan,1464.5142257055202,1,0,0.0
Damian Stasiak,1461.019676803207,6,2,0.3333333333333333
KB Bhullar,1441.062350245114,2,0,0.0
Chris Weidman,1573.8273141265754,20,12,0.6
Diego Ferreira,1645.9490537471236,15,10,0.6666666666666666
Dylan Budka,1442.954352649282,2,0,0.0
Cody McKenzie,1462.219262394663,7,3,0.42857142857142855
Junior Hernandez,1447.1182670302765,2,0,0.0
Ronnie Lawrence,1532.346640483632,3,2,0.6666666666666666
Jean Silva,1616.4539989860018,3,3,1.0
Sarah Moras,1437.7908978318342,9,3,0.3333333333333333
Rong Zhu,1509.3496320182614,2,1,0.5
Eric Wisely,1431.5791794255254,2,0,0.0
Jailton Almeida,1689.4018635238215,8,7,0.875
Peter Barrett,1438.1167330211415,2,0,0.0
Tainara Lisboa,1561.3342787542897,2,2,1.0
Sedriques Dumas,1501.2907590092923,5,3,0.6
AJ Fletcher,1464.1078453199766,4,1,0.25
Ben Sosoli,1471.2,1,0,0.0
Michael Johnson,1524.966677519231,29,14,0.4827586206896552
Julianna Pena,1635.58520813043,11,8,0.7272727272727273
Jared Gordon,1560.996009041885,14,8,0.5714285714285714
Josh Barnett,1550.0022769422287,5,3,0.6
Cub Swanson,1585.2236303985453,24,14,0.5833333333333334
Mana Martinez,1486.5264071698746,4,2,0.5
Karl Williams,1542.4292229738544,4,3,0.75
Da'Mon Blackshear,1528.7815735395116,6,3,0.5
Ange Loosa,1497.374351297497,4,2,0.5
Geane Herrera,1465.5900465432098,4,1,0.25
Dequan Townsend,1378.2257568290788,4,0,0.0
Joe Duffy,1524.3279372209815,8,4,0.5
Valmir Lazaro,1476.7929532761505,3,1,0.3333333333333333
Jon Madsen,1541.0425374100246,4,3,0.75
Joe Ellenberger,1481.527685106441,2,1,0.5
Justin Ledet,1458.7050670033832,7,3,0.42857142857142855
Jacob Malkoun,1555.8147839961314,7,4,0.5714285714285714
Marcus LeVesseur,1445.0888151464524,3,1,0.3333333333333333
Gabriel Silva,1448.8329261908405,2,0,0.0
Alex Morono,1588.3721501025366,21,13,0.6190476190476191
Antonio Carvalho,1507.469316873724,4,2,0.5
Michael Trizano,1511.6956562124542,7,4,0.5714285714285714
Michael Chiesa,1652.565614570436,20,13,0.65
Juliana Miller,1467.319237320859,3,1,0.3333333333333333
Danyelle Wolf,1473.8183706166874,1,0,0.0
Rafael Fiziev,1618.0077911334752,9,6,0.6666666666666666
Liana Jojua,1427.32473655399,4,1,0.25
Rick Glenn,1510.4423860232255,6,3,0.5
Mike Ricci,1484.3144996450749,3,1,0.3333333333333333
Cole Smith,1478.445079498775,3,1,0.3333333333333333
Brian Melancon,1506.0266783303716,2,1,0.5
Parker Porter,1471.3967973193153,8,4,0.5
Vinicius Salvador,1422.3380725630805,3,0,0.0
Chuck Liddell,1461.6,1,0,0.0
Jamie Pickett,1374.9991755830792,9,2,0.2222222222222222
Kennedy Nzechukwu,1581.955292863221,13,8,0.6153846153846154
Jake Matthews,1619.407286307495,20,13,0.65
Tai Tuivasa,1529.7645353336122,16,8,0.5
Charles Radtke,1557.964799286822,4,3,0.75
Fabio Maldonado,1485.6286154217323,11,5,0.45454545454545453
Klidson Abreu,1449.518296560886,4,1,0.25
Yves Jabouin,1456.1059770879344,10,5,0.5
Norman Parke,1563.0089938836893,8,5,0.625
Rousimar Palhares,1564.9949684052722,8,5,0.625
Ben Saunders,1424.825376992048,14,5,0.35714285714285715
Diego Lopes,1673.207173316892,6,5,0.8333333333333334
Eddie Mendez,1459.086532273287,1,0,0.0
Khaos Williams,1615.678797208668,7,5,0.7142857142857143
Joao Zeferino,1447.3766145041077,2,0,0.0
Gian Villante,1421.0734304470382,18,7,0.3888888888888889
Junior Dos Santos,1564.5537638629305,19,11,0.5789473684210527
Dustin Stoltzfus,1466.6819402493065,8,3,0.375
Macy Chiasson,1613.431488460327,11,8,0.7272727272727273
Robbie Lawler,1602.9035188085195,18,11,0.6111111111111112
Rinya Nakamura,1583.0714925986722,3,3,1.0
Jake Shields,1518.8074417238802,7,4,0.5714285714285714
Jordan Williams,1409.9359067006123,3,0,0.0
Victor Martinez,1425.4349921682176,2,0,0.0
Ken Stone,1486.787711030063,4,2,0.5
Adam Cella,1461.6,1,0,0.0
Silvana Gomez Juarez,1441.0871204129414,4,1,0.25
Cain Velasquez,1626.8874741997352,9,6,0.6666666666666666
Rustam Khabilov,1648.2536783216515,13,10,0.7692307692307693
Carlos Eduardo Rocha,1488.1360649604653,3,1,0.3333333333333333
Gilbert Urbina,1467.086906166085,3,1,0.3333333333333333
Denise Gomes,1565.997646849008,6,4,0.6666666666666666
Bart Palaszewski,1437.610947630152,4,1,0.25
Tom Nolan,1521.2900453232633,3,2,0.6666666666666666
Charles Rosa,1448.4802776776226,13,5,0.38461538461538464
Victoria Leonardo,1401.560192056835,5,1,0.2
Greg Soto,1475.7747516468592,3,1,0.3333333333333333
Caludia Gadelha,1529.0169473309525,1,1,1.0
Maurice Greene,1480.5463524390866,8,4,0.5
Mitch Gagnon,1526.6724294789415,8,4,0.5
Brogan Walker,1433.5955709527088,2,0,0.0
Nasrat Haqparast,1612.8704563274566,13,9,0.6923076923076923
Bea Malecki,1515.2766537379616,3,2,0.6666666666666666
Jamey Simmons,1433.2367951452413,2,0,0.0
Feng Xiaocan,1461.6,1,0,0.0
Justin Lawrence,1457.1749762469476,3,1,0.3333333333333333
Mauricio Ruffy,1559.8736494509862,2,2,1.0
Chris Lytle,1553.029315296408,4,3,0.75
TJ Grant,1621.7864607361528,8,6,0.75
Ottman Azaitar,1491.0210979864432,4,2,0.5
Elise Reed,1468.345888487662,8,4,0.5
Rin Nakai,1439.6522596435248,2,0,0.0
Luis Ramos,1423.9142145237452,2,0,0.0
Ashlee Evans-Smith,1421.3956051255586,9,3,0.3333333333333333
David Teymur,1617.2364811426853,6,5,0.8333333333333334
Hyun Gyu Lim,1484.8456068525004,7,3,0.42857142857142855
Mickey Gall,1470.3367807715624,13,6,0.46153846153846156
Manvel Gamburyan,1478.146276039829,9,4,0.4444444444444444
Sarah Frota,1449.441398690965,2,0,0.0
Marcin Wrzosek,1477.6,1,0,0.0
Xiao Long,1516.3726253128445,2,1,0.5
Niko Price,1531.4000403148352,16,8,0.5
Will Campuzano,1393.6266957788068,4,0,0.0
Mirko Cro Cop,1479.6275514812237,5,2,0.4
Nursulton Ruziboev,1554.2202279639862,3,2,0.6666666666666666
Ericka Almeida,1445.3422488547144,2,0,0.0
Jordan Leavitt,1521.764846647277,7,4,0.5714285714285714
Ariane Lipski,1457.449840234988,8,3,0.375
Gustavo Lopez,1478.9655068157103,3,1,0.3333333333333333
Charles Oliveira,1756.175688440861,33,23,0.696969696969697
Richard Walsh,1450.0534377734255,6,2,0.3333333333333333
Shane Young,1420.8557022925663,7,2,0.2857142857142857
Islam Makhachev,1859.7474995064235,16,15,0.9375
Austin Springer,1463.2879337989668,1,0,0.0
Gilbert Yvel,1441.9091519305991,2,0,0.0
Robert Peralta,1530.7097904992386,7,4,0.5714285714285714
Shayna Baszler,1435.525755071926,2,0,0.0
Jake Lindsey,1394.7353854784394,3,0,0.0
Viviane Araujo,1575.460711892534,12,7,0.5833333333333334
Marcus Brimage,1472.0163889346834,8,4,0.5
Salim Touahri,1438.2130737256591,3,0,0.0
Sheldon Westcott,1474.7350709884684,3,1,0.3333333333333333
Isabela De Pauda,1466.7669558441764,1,0,0.0
Kendall Grove,1433.1053717910002,4,1,0.25
Darren Till,1566.5207207597546,11,6,0.5454545454545454
Irina Alekseeva,1511.5984999989096,2,1,0.5
Jose Johnson,1482.056130874756,3,1,0.3333333333333333
Montserrat Conejo Ruiz,1424.3717362087593,2,0,0.0
Ryan Jimmo,1506.0807765524169,7,3,0.42857142857142855
Malcolm Gordon,1419.6515340792664,7,2,0.2857142857142857
Akbarh Arreola,1452.5363469840631,4,1,0.25
Travis Browne,1535.5462135787488,16,9,0.5625
Joseph Benavidez,1649.097490121697,21,15,0.7142857142857143
Luke Jumeau,1499.1029722203111,4,2,0.5
SeungGuk Choi,1461.6,1,0,0.0
Ivan Menjivar,1514.8114220742348,8,4,0.5
Lyman Good,1547.4425394084685,6,3,0.5
Mateus Mendonca,1424.6714974454153,3,0,0.0
Dennis Siver,1557.548195321622,13,8,0.6153846153846154
Marcelo Golm,1434.6098402935938,4,1,0.25
Roque Martinez,1412.6635967460961,3,0,0.0
Zhang Weili,1645.4578389689525,7,5,0.7142857142857143
Clint Hester,1509.7025690811322,7,4,0.5714285714285714
Yan Cabral,1471.8830050190743,5,2,0.4
Augusto Sakai,1518.565245086976,9,5,0.5555555555555556
Pete Rodriguez,1464.4320761573847,3,1,0.3333333333333333
Ricardo Abreu,1510.9329494220199,2,1,0.5
Rob Kimmons,1451.7340944139637,3,1,0.3333333333333333
Elvis Mutapcic,1434.7846197936972,2,0,0.0
Bryan Barberena,1502.633559367301,19,9,0.47368421052631576
Iuri Alcantara,1545.8360513666707,17,10,0.5882352941176471
Joe Pyfer,1615.6939041238775,5,4,0.8
Daniel Rodriguez,1586.6807368470832,12,8,0.6666666666666666
Alex Oliveira,1500.9815781744567,21,11,0.5238095238095238
Danny Silva,1526.536925513409,1,1,1.0
Kailin Curran,1372.0873330221193,7,1,0.14285714285714285
Ricky Simon,1583.4977292475976,13,8,0.6153846153846154
Derrick Lewis,1652.6163703264942,29,19,0.6551724137931034
Chase Gormley,1461.6,1,0,0.0
Carlo Prater,1464.3865611503697,3,1,0.3333333333333333
Wuliji Buren,1408.566387600329,3,0,0.0
Marnic Mann,1441.961297861048,2,0,0.0
Shane Campbell,1408.37397439312,5,1,0.2
Justin Salas,1459.0067601496362,7,3,0.42857142857142855
Jared Rosholt,1586.1565264364403,8,6,0.75
Jason Miller,1441.9272869003491,2,0,0.0
Don Shainis,1448.0892568242937,2,0,0.0
Julian Erosa,1542.0244591257251,15,8,0.5333333333333333
Richie Smullen,1461.6,1,0,0.0
Jason Saggo,1518.5525715030724,6,3,0.5
JunYong Park,1599.0556259996345,7,5,0.7142857142857143
Yana Santos,1493.0554886201946,3,1,0.3333333333333333
Jorge Lopez,1449.4639377688393,2,0,0.0
Nicco Montano,1501.5283681282544,2,1,0.5
Zubaira Tukhugov,1575.7648030996336,8,5,0.625
Valter Walker,1504.972157829255,2,1,0.5
Tim Kennedy,1539.7011956103386,5,3,0.6
Bobby Moffett,1457.2023190489851,3,1,0.3333333333333333
Amanda Cooper,1436.1936626097229,6,2,0.3333333333333333
Brad Blackburn,1461.6,1,0,0.0
Marcus McGhee,1625.1872961216034,4,4,1.0
Danny Martinez,1451.2325001387048,4,1,0.25
Yoel Romero,1678.8968772430835,13,9,0.6923076923076923
Garreth McLellan,1423.8472394759099,5,1,0.2
Nick Diaz,1458.835099544312,4,1,0.25
Ramon Taveras,1522.4,1,1,1.0
Wu Yanan,1397.5020743755658,6,1,0.16666666666666666
Roman Salazar,1431.3281668787554,2,0,0.0
Daniel Jolly,1420.3730351058596,2,0,0.0
Viktor Pesta,1403.3616456452019,5,1,0.2
Aalon Cruz,1427.4269273965592,2,0,0.0
Hu Yaozong,1395.803247868398,3,0,0.0
Angela Hill,1514.8193912962654,26,12,0.46153846153846156
Markus Perez,1440.7879990131032,7,2,0.2857142857142857
Ricky Glenn,1445.792551150163,4,1,0.25
Dustin Pague,1409.70429008248,6,1,0.16666666666666666
Leonardo Morales,1432.8,2,0,0.0
Jason Young,1440.191778282447,4,1,0.25
Andre Lima,1563.1935265014786,3,3,1.0
Rani Yahya,1593.9458084168998,19,13,0.6842105263157895
Tom Aspinall,1741.8880075006603,9,8,0.8888888888888888
Natan Levy,1482.2116724782823,4,2,0.5
Efrain Escudero,1442.9309772983872,9,3,0.3333333333333333
Jeff Curran,1445.0446794430115,2,0,0.0
Jinh Yu Frey,1410.9315816160747,8,2,0.25
Jordan Espinosa,1441.635323594086,6,2,0.3333333333333333
Nick Hein,1492.1172453894064,8,4,0.5
Lerone Murphy,1692.0905006835471,7,7,1.0
Dustin Neace,1461.6,1,0,0.0
Elias Theodorou,1614.0885711298654,11,8,0.7272727272727273
Alex Reyes,1412.4613597077648,3,0,0.0
Caludio Puelles,1525.404712892527,1,1,1.0
Saidyokub Kakhramonov,1544.3905086653172,3,2,0.6666666666666666
Edgar Garcia,1420.0684780578197,2,0,0.0
Kevin Ferguson,1461.6,1,0,0.0
Dileno Lopes,1448.7161685561293,2,0,0.0
Jeff Hougland,1470.3317863441932,3,1,0.3333333333333333
Valentina Shevchenko,1718.5191470866355,16,13,0.8125
Sean Soriano,1355.009914880437,5,0,0.0
Scott Holtzman,1528.3289095690618,13,7,0.5384615384615384
Bradley Scott,1458.0379819436132,8,3,0.375
Quinn Mulhern,1439.9565940746875,2,0,0.0
Alvaro Herrera,1437.5207409341947,4,1,0.25
TJ Brown,1447.2907851390428,8,3,0.375
Pedro Munhoz,1580.0652304775494,20,10,0.5
Loik Radzhabov,1499.5143027878264,4,2,0.5
Marina Rodriguez,1572.4175610960801,12,7,0.5833333333333334
Ibo Aslan,1564.2581116877864,2,2,1.0
Daniel Santos,1549.663800849971,3,2,0.6666666666666666
Paddy Holohan,1511.9919516543455,5,3,0.6
Louis Gaudinot,1454.9605020158867,4,1,0.25
Court McGee,1493.4007222506839,23,11,0.4782608695652174
Colton Smith,1422.6860900898014,4,1,0.25
Sheymon Moraes,1464.2693552985222,5,2,0.4
Ivan Erslan,1476.0967578847642,1,0,0.0
Tim Hague,1443.0666939013015,2,0,0.0
Wendell Oliveira,1442.79086344851,2,0,0.0
Diego Sanchez,1509.4898401024975,19,9,0.47368421052631576
Brad Pickett,1431.2172148871211,14,5,0.35714285714285715
Tyson Nam,1491.745445187577,8,3,0.375
Marcus Davis,1461.7139311536264,3,1,0.3333333333333333
Shane Burgos,1614.6671166002834,11,8,0.7272727272727273
Keita Nakamura,1509.0972970995988,8,4,0.5
Chris Heatherly,1422.0343270663122,2,0,0.0
Heather Jo Clark,1471.2717444284644,3,1,0.3333333333333333
Justin Frazier,1461.6,1,0,0.0
Rafael Dos Anjos,1645.7806122572445,32,19,0.59375
Omar Morales,1439.9322128036836,6,2,0.3333333333333333
Hector Urbina,1473.735233920843,3,1,0.3333333333333333
Chad Anheliger,1461.5737922352164,5,2,0.4
Damir Hadzovic,1498.4834596987653,9,4,0.4444444444444444
Hayder Hassan,1424.2607612702784,2,0,0.0
Su Mudaerji,1552.172723304498,4,3,0.75
Abner Lloveras,1471.2,1,0,0.0
Felipe Colares,1456.234973319035,6,2,0.3333333333333333
Matt Grice,1469.6491207495274,3,1,0.3333333333333333
Nick Pace,1480.0044290472913,3,1,0.3333333333333333
Jimmy Quinlan,1461.6,1,0,0.0
Luigi Vendramini,1450.1436045491316,4,1,0.25
Erik Perez,1618.5639866442355,9,7,0.7777777777777778
Tyler Diamond,1474.4,1,0,0.0
Alexis Davis,1523.6274179754741,14,8,0.5714285714285714
Bartosz Fabinski,1482.2180708333667,6,3,0.5
Godofredo Pepey,1494.9319965385293,11,5,0.45454545454545453
Rogerio Bontorin,1506.5171967369213,6,3,0.5
Roberto Romero,1477.8741041016701,1,0,0.0
Rory MacDonald,1618.6769490154952,12,8,0.6666666666666666
Jonathan Meunier,1496.9115559641457,2,1,0.5
David Michaud,1460.3516832637822,3,1,0.3333333333333333
Alex Gorgees,1471.2,1,0,0.0
Michal Figlak,1440.4429885989578,2,0,0.0
Patrick Walsh,1500.7756100803438,2,1,0.5
Jason Witt,1438.34431550392,6,2,0.3333333333333333
Na Liang,1456.658133653083,1,0,0.0
Vinicius Oliveira,1573.00916942178,2,2,1.0
Rony Jason,1534.0214884127665,8,4,0.5
Yazmin Jauregui,1497.5681671395255,5,3,0.6
Marcin Held,1453.0499839077536,4,1,0.25
Shannon Gugerty,1461.6,1,0,0.0
Reuben Duran,1448.2642782458881,4,1,0.25
Christian Aguilera,1463.6796657748478,3,1,0.3333333333333333
Mirsad Bektic,1536.3382453070726,10,6,0.6
Lucas Rocha,1465.432561461455,1,0,0.0
Rolando Bedoya,1427.8611166279525,3,0,0.0
Javier Vazquez,1523.2412559775055,1,1,1.0
Horacio Gutierrez,1440.3988816374365,2,0,0.0
Brendan Allen,1710.5531742649841,15,12,0.8
Tyson Griffin,1423.8687802047011,5,1,0.2
Michel Pereira,1651.3335375492172,12,9,0.75
Rob Wilkinson,1428.9008343523253,2,0,0.0
Tom Gallicchio,1474.7866711627253,1,0,0.0
Ian Heinisch,1515.6825281858487,7,3,0.42857142857142855
William Knight,1472.958053743393,7,3,0.42857142857142855
Vicente Luque,1695.120065557113,21,15,0.7142857142857143
Alex White,1452.5425515920176,10,4,0.4
Ariane da Silva,1531.8284966320186,5,3,0.6
JC Cottrell,1432.6091216992718,2,0,0.0
Yizha,1446.5612257090747,2,0,0.0
Adrian Yanez,1615.840528701629,8,6,0.75
Leah Letson,1482.6473630343341,2,1,0.5
Forrest Griffin,1515.3887819869094,3,2,0.6666666666666666
Cain Carrizosa,1430.4834664756227,2,0,0.0
Braxton Smith,1458.441369007396,1,0,0.0
Chase Hooper,1603.6249707838424,10,7,0.7
Zygimantas Ramaska,1461.6,1,0,0.0
Julia Polastri,1499.038988885293,2,1,0.5
Lance Benoist,1502.9878523615375,4,2,0.5
Dakota Bush,1434.8331417040351,2,0,0.0
Chidi Njokuani,1513.1080069249292,7,4,0.5714285714285714
Piera Rodriguez,1500.2775976231994,4,2,0.5
Teruto Ishihara,1452.167269798374,8,3,0.375
Sean Sherk,1523.8421836879095,1,1,1.0
Pablo Garza,1494.8243831556636,6,3,0.5
Victor Hugo,1505.4799126801868,2,1,0.5
Joseph Sandoval,1427.4269273965592,2,0,0.0
Serhiy Sidey,1501.0642943797166,2,1,0.5
Dave Galera,1471.2,1,0,0.0
Khama Worthy,1451.0887607761529,5,2,0.4
Joe Brammer,1471.2,1,0,0.0
Edward Faaloloto,1420.3751721592628,2,0,0.0
Tristan Connelly,1480.1750481831227,3,1,0.3333333333333333
Joseph Morales,1465.7569428546985,3,1,0.3333333333333333
Mike Perry,1525.1874261553364,15,7,0.4666666666666667
Dustin Jacoby,1549.1086482874593,13,7,0.5384615384615384
Darren Uyenoyama,1501.9116049352026,4,2,0.5
Elias Silverio,1513.0163308574722,5,3,0.6
Ciryl Gane,1734.3502875084152,12,10,0.8333333333333334
Chepe Mariscal,1618.1661122528574,4,4,1.0
Jim Miller,1616.5916656227978,38,22,0.5789473684210527
Roy Nelson,1502.1518440963434,18,8,0.4444444444444444
Nick Denis,1496.2402268359083,2,1,0.5
Andre Muniz,1623.1636380565014,8,6,0.75
Antonio Banuelos,1471.2,1,0,0.0
Takanori Gomi,1394.0776383917519,13,4,0.3076923076923077
Li Jingliang,1569.4140254536967,17,10,0.5882352941176471
Enrique Marin,1452.845306430311,2,0,0.0
Hans Stringer,1447.1015879247739,3,1,0.3333333333333333
Bassil Hafez,1484.4359199410399,3,1,0.3333333333333333
Jacob Kilburn,1433.5955709527088,2,0,0.0
Hernani Perpetuo,1448.792774071518,2,0,0.0
Drew Dober,1587.4172831087678,23,13,0.5652173913043478
Ramona Pascual,1415.2703563192285,3,0,0.0
Christian Leroy Duncan,1545.1272181134013,5,3,0.6
Oban Elliott,1588.466918718349,3,3,1.0
Chris Indich,1432.8,2,0,0.0
Oskar Piechota,1415.2352785665016,6,2,0.3333333333333333
Said Nurmagomedov,1648.2782672719172,9,7,0.7777777777777778
Ilia Topuria,1768.8599264408317,8,8,1.0
Karine Silva,1602.24576277349,5,4,0.8
Jared Papazian,1411.3711755312565,3,0,0.0
Nate Landwehr,1535.7151732012755,9,5,0.5555555555555556
James Mulheron,1471.2,1,0,0.0
Shane Carwin,1472.811842770776,3,1,0.3333333333333333
Cheyanne Buys,1509.0193605531001,2,1,0.5
Mark Striegl,1442.7143401173469,2,0,0.0
Nah-Shon Burrell,1497.7577789765198,2,1,0.5
Tyson Pedro,1524.894270418143,11,6,0.5454545454545454
David Loiseau,1457.3730726034407,1,0,0.0
Marc Diakiese,1515.5241264163972,14,8,0.5714285714285714
Jared Cannonier,1620.5393879214469,18,10,0.5555555555555556
Junior Albini,1409.369688038002,5,1,0.2
Derek Brunson,1657.5255679092215,21,14,0.6666666666666666
Ian Entwistle,1467.088132603972,3,1,0.3333333333333333
Tito Ortiz,1414.144390010798,5,1,0.2
Josh Emmett,1671.9334687849837,14,10,0.7142857142857143
Drako Rodriguez,1427.288910754342,2,0,0.0
Sergio Moraes,1565.4257619852967,13,8,0.6153846153846154
Guram Kutateladze,1500.5750333875592,4,2,0.5
Dan Henderson,1497.8566002060154,11,4,0.36363636363636365
Alex Da Silva,1449.5191877894038,4,1,0.25
Gunnar Nelson,1660.1704796835381,15,10,0.6666666666666666
Kyle Noke,1496.3510188767696,12,6,0.5
Thibault Gouti,1408.2635349189748,6,1,0.16666666666666666
Walel Watson,1439.9397122334092,4,1,0.25
Kenny Florian,1507.372856233912,4,2,0.5
Aleksei Oleinik,1539.5736484674258,17,9,0.5294117647058824
Khamzat Chimaev,1758.370434353232,8,8,1.0
Matt Sayles,1439.1592404995886,4,1,0.25
Matt Veach,1461.6,1,0,0.0
 Jun Yong Park,1524.2690925739332,1,1,1.0
Dalcha Lungiambula,1410.362589167162,7,2,0.2857142857142857
Donald Cerrone,1612.2296307767551,37,23,0.6216216216216216
Carls John De Tomas,1435.9758229940142,2,0,0.0
Myktybek Orolbai,1556.2386368798398,3,2,0.6666666666666666
Alexander Volkov,1701.7292955641833,16,11,0.6875
Frankie Saenz,1474.8216376522712,10,5,0.5
Rafaello Oliveira,1398.025720668977,6,1,0.16666666666666666
Tom Watson,1459.7379728621029,7,2,0.2857142857142857
Trevor Smith,1461.96059121874,12,5,0.4166666666666667
Jamie Varner,1424.3844362979396,7,2,0.2857142857142857
Jessica Penne,1421.0842148380405,9,3,0.3333333333333333
Kyler Phillips,1615.6235764988835,8,6,0.75
Jesus Aguilar,1559.9652623349962,4,3,0.75
Heili Alateng,1523.5827311959022,3,2,0.6666666666666666
Dongi Yang,1509.2586257022222,5,2,0.4
Seungwoo Choi,1474.5698085633458,3,1,0.3333333333333333
Anthony Njokuani,1476.1272061921254,8,3,0.375
Anthony Johnson,1657.5430770436435,11,8,0.7272727272727273
Antonio Trocoli,1428.849009993874,2,0,0.0
Don'tale Mayes,1473.5818672455107,1,0,0.0
Ulysses Gomez,1433.0415634309422,2,0,0.0
Jeremiah Wells,1570.5416410933492,6,4,0.6666666666666666
Sean Sharaf,1455.1609247858125,1,0,0.0
Amir Sadollah,1472.6680450703432,7,3,0.42857142857142855
Jake Collier,1418.820584736844,14,5,0.35714285714285715
Carlos Candelario,1432.6089610338624,2,0,0.0
Abu Azaitar,1456.4712108299502,3,1,0.3333333333333333
Shamil Gaziev,1546.3784472661348,3,2,0.6666666666666666
Adlan Amagov,1571.5511192818235,2,2,1.0
Andrew Sanchez,1472.6580858626214,10,5,0.5
Francis Carmont,1572.5259899906393,9,6,0.6666666666666666
Matt Hobar,1462.3188454865087,3,1,0.3333333333333333
Rob Font,1652.6779832221364,18,11,0.6111111111111112
Ruslan Magomedov,1586.9574819631116,3,3,1.0
Billy Ray Goff,1504.7932133370273,2,1,0.5
Daniel Pineda,1480.4629557296971,13,5,0.38461538461538464
Punahele Soriano,1506.1403135443195,8,4,0.5
Alan Omer,1441.6723148935591,2,0,0.0
Stephanie Egger,1497.9696572358112,7,3,0.42857142857142855
Alan Belcher,1549.2326235975108,5,3,0.6
Nico Musoke,1501.2006017621914,6,3,0.5
Anthony Perosh,1516.3853813474764,9,5,0.5555555555555556
Rich Franklin,1491.3177026547846,4,2,0.5
Aaron Wilkinson,1461.6,1,0,0.0
Cory Hendricks,1474.4,1,0,0.0
Kiru Sahota,1461.6,1,0,0.0
Henry Briones,1422.493790862226,5,1,0.2
Joshua Van,1579.4840936748237,6,5,0.8333333333333334
Te Edwards,1439.0503797124024,2,0,0.0
Will Brooks,1440.8804925797308,4,1,0.25
Aspen Ladd,1552.7855043449586,7,4,0.5714285714285714
Christian Colombo,1427.8430679265348,2,0,0.0
Brett Johns,1586.8419253100767,7,5,0.7142857142857143
Lucas Martins,1542.8050098439892,7,4,0.5714285714285714
Micheal Gillmore,1424.3095681235723,2,0,0.0
Alexander Yakovlev,1464.368723255706,9,3,0.3333333333333333
Sean McCorkle,1453.557809561027,3,1,0.3333333333333333
David Mitchell,1427.1063550218876,5,1,0.2
Luiz Garagorri,1526.2736496589414,1,1,1.0
Yanal Ashmouz,1536.2182650279603,3,2,0.6666666666666666
Sako Chivitchian,1471.2,1,0,0.0
Jason Reinhardt,1424.2607612702784,2,0,0.0
Michael McBride,1443.3523921486421,2,0,0.0
Pat Sabatini,1589.7709134521551,8,6,0.75
Volkan Oezdemir,1585.2451644559487,15,8,0.5333333333333333
Julie Kedzie,1456.6421836879094,2,0,0.0
Movsar Evloev,1719.9721443897336,9,9,1.0
Tim Williams,1434.5734630288807,2,0,0.0
John Cholish,1478.2204940346714,3,1,0.3333333333333333
Dashon Johnson,1423.8660816128395,2,0,0.0
Mayra Bueno Silva,1548.4845665961927,9,5,0.5555555555555556
Saimon Oliveira,1435.3054195760876,2,0,0.0
Chris Padilla,1568.7488542646868,2,2,1.0
Joshua Culibao,1469.9490213733627,1,0,0.0
Irene Aldana,1598.2228851061386,14,8,0.5714285714285714
Ning Guangyou,1494.9575186972254,4,2,0.5
Jeff Molina,1580.4770682667677,3,3,1.0
Maheshate,1462.2536538292306,5,2,0.4
Frankie Perez,1455.3336836848705,4,1,0.25
Rinat Fakhretdinov,1644.5025397552395,5,5,1.0
Augusto Mendes,1474.0276829824938,3,1,0.3333333333333333
Paulo Costa,1618.0950383890593,10,6,0.6
Jose Torres,1502.1299120750168,2,1,0.5
Charlie Ward,1427.4269273965592,2,0,0.0
Montana De La Rosa,1541.442627476501,11,6,0.5454545454545454
Ali Bagautinov,1551.708183467841,7,4,0.5714285714285714
Max Griffin,1538.6522742498498,17,8,0.47058823529411764
Eduardo Garagorri,1444.1511597654776,2,0,0.0
Shayilan Nuerdanbieke,1480.220191111979,6,3,0.5
Aisling Daly,1530.6661144740247,3,2,0.6666666666666666
Rostem Akman,1451.5432239222603,2,0,0.0
Fatima Kline,1475.9109501955443,1,0,0.0
Ivan Jorge,1484.5211785854262,4,2,0.5
Rashid Magomedov,1617.782689945745,6,5,0.8333333333333334
Wanderlei Silva,1526.3795964928079,4,2,0.5
Oumar Sy,1560.4882842201825,2,2,1.0
Kamaru Usman,1768.1550719961467,18,15,0.8333333333333334
Robert Valentin,1461.6,1,0,0.0
Val Woodburn,1439.0798747279387,2,0,0.0
Morgan Charriere,1554.5440203813819,3,2,0.6666666666666666
Chris Tickle,1471.2,1,0,0.0
Jerome Rivera,1400.947422811196,3,0,0.0
Ramiz Brahimaj,1511.9245429644795,6,3,0.5
Mauricio Rua,1491.9030458226998,19,9,0.47368421052631576
Tommy Hayden,1423.2441524141666,2,0,0.0
Keith Jardine,1474.4,1,0,0.0
Tim Means,1502.7370100251387,29,15,0.5172413793103449
Israel Adesanya,1714.292510631692,17,13,0.7647058823529411
Ulka Sasaki,1487.719756262055,9,4,0.4444444444444444
Joe Gigliotti,1444.5573952792713,2,0,0.0
Jonathan Pearce,1542.5735688943216,9,5,0.5555555555555556
Chris Avila,1440.606588134219,2,0,0.0
Rodney Wallace,1447.9019743890296,2,0,0.0
Yves Edwards,1458.9851541531061,10,4,0.4
Song Kenan,1500.2038023424625,11,6,0.5454545454545454
Johnny Case,1549.3945040951814,6,4,0.6666666666666666
Maiquel Falcao,1534.7298114849152,1,1,1.0
Megan Anderson,1541.2079342280767,6,3,0.5
Jessica Aguilar,1419.2277638052344,5,1,0.2
Matt Bessette,1453.1412431073356,2,0,0.0
Dong Hyun Ma,1449.3343560017277,8,3,0.375
Gabe Green,1482.2211365682272,5,2,0.4
Alexander Munoz,1508.5383292270033,2,1,0.5
Jocelyn Jones-Lybarger,1408.6514006433738,3,0,0.0
Steve Garcia,1626.96298398048,8,6,0.75
Shamil Abdurakhimov,1485.7191424296823,11,5,0.45454545454545453
Raul Rosas Jr.,1596.9515359862987,5,4,0.8
Josh Clopton,1449.2771918716005,2,0,0.0
Chase Sherman,1385.2431143671831,15,4,0.26666666666666666
Seohee Ham,1443.723030127565,4,1,0.25
Mark Holst,1435.9758229940142,2,0,0.0
Jonathan Goulet,1461.6,1,0,0.0
Tecia Torres,1577.0424666835368,15,9,0.6
Jose Ochoa,1471.2,1,0,0.0
Sergey Morozov,1523.0437880028203,5,3,0.6
Duda Santana,1461.6,1,0,0.0
Chris Kelades,1487.746303126475,4,2,0.5
Cole Escovedo,1405.9558539997652,3,0,0.0
Felipe Lima,1549.5440157348637,1,1,1.0
Nate Marquardt,1467.5650098856752,14,5,0.35714285714285715
Pearl Gonzalez,1439.7463441102452,2,0,0.0
Blagoy Ivanov,1504.2057135829969,8,3,0.375
Ode Osbourne,1438.0758639723401,8,3,0.375
Themba Gorimbo,1561.252332009519,6,4,0.6666666666666666
Jessamyn Duke,1428.9458269526795,4,1,0.25
Andrew Holbrook,1429.8773413232764,5,2,0.4
Jarred Brooks,1491.175257936257,4,2,0.5
Roger Gracie,1471.2,1,0,0.0
Ihor Potieria,1444.1304261431242,7,2,0.2857142857142857
Brendan Loughnane,1471.2,1,0,0.0
Gilbert Melendez,1429.16009557062,7,1,0.14285714285714285
Mike Guymon,1448.6459356114458,3,1,0.3333333333333333
Matthew Semelsberger,1492.7064246873379,11,5,0.45454545454545453
Henry Martinez,1464.0146003325576,3,1,0.3333333333333333
Jamall Emmers,1485.1566002161226,7,3,0.42857142857142855
Alberto Uda,1422.1153453475988,2,0,0.0
Sirwan Kakai,1504.237555775664,2,1,0.5
Tatiana Suarez,1701.6001419057047,7,7,1.0
Krzysztof Soszynski,1481.9275353863986,4,2,0.5
Cyril Asker,1463.541547886553,5,2,0.4
Cameron Else,1426.5383270425627,2,0,0.0
Frank Mir,1478.8646285696875,12,5,0.4166666666666667
Angel Pacheco,1469.1869647594553,1,0,0.0
Jafel Filho,1548.2444862701168,3,2,0.6666666666666666
Muin Gafurov,1490.4148351747883,3,1,0.3333333333333333
Jamie Yager,1461.6,1,0,0.0
Laureano Staropoli,1445.2236742223506,6,2,0.3333333333333333
Phil Hawes,1456.7299783176934,7,3,0.42857142857142855
Jason High,1486.4300445574431,5,2,0.4
Tereza Bleda,1494.3393390708611,2,1,0.5
Philipe Lins,1563.983789639097,6,4,0.6666666666666666
Aljamain Sterling,1745.771733582874,21,16,0.7619047619047619
Phillip Hawes,1538.4,1,1,1.0
Nick Fiore,1445.1597941654973,2,0,0.0
Ben Wall,1424.7552262231493,2,0,0.0
Elizeu Zaleski dos Santos,1667.8511600754973,13,10,0.7692307692307693
Daniel Teymur,1408.4509089665412,5,1,0.2
Che Mills,1534.2916379200224,3,2,0.6666666666666666
Ariane Carnelossi,1523.1357357653667,5,3,0.6
Nick Penner,1434.6864489474247,2,0,0.0
Anthony Christodoulou,1430.9073054528938,2,0,0.0
Joel Alvarez,1639.874863585796,8,6,0.75
Adam Milstead,1469.9699670363818,3,1,0.3333333333333333
James Te Huna,1464.4144068434605,9,4,0.4444444444444444
Claudio Puelles,1557.1034050674195,7,4,0.5714285714285714
Anton Zafir,1433.9012624949266,2,0,0.0
Alessio Di Chirico,1442.298636562156,11,4,0.36363636363636365
Levan Makashvili,1500.1821451974197,2,1,0.5
Tony Kelley,1531.9579492496787,3,2,0.6666666666666666
Sergio Pettis,1566.6458540927192,14,9,0.6428571428571429
Neil Magny,1627.0339968957855,34,22,0.6470588235294118
Katlyn Cerminara,1482.2884392459791,1,0,0.0
Charlie Ontiveros,1400.2192477887013,3,0,0.0
Eryk Anders,1561.675237230654,17,9,0.5294117647058824
Alice Ardelean,1446.0008555577429,2,0,0.0
Warlley Alves,1500.6611026105752,16,8,0.5
Zachary Reese,1529.555229609296,3,2,0.6666666666666666
Sean O'Connell,1453.2671154418238,7,2,0.2857142857142857
Soa Palelei,1551.5737571661796,6,4,0.6666666666666666
Serghei Spivac,1634.2427472015142,12,8,0.6666666666666666
Olivier Aubin-Mercier,1553.7691227952776,12,7,0.5833333333333334
Marcos Rogerio de Lima,1577.6152072828977,17,10,0.5882352941176471
Veronica Hardy,1549.3255702713568,4,3,0.75
Chad Mendes,1618.7262980300168,14,9,0.6428571428571429
Josh Stansbury,1449.8885470017935,3,1,0.3333333333333333
Robelis Despaigne,1470.8874234867717,3,1,0.3333333333333333
Jacob Volkmann,1566.8899087958437,8,6,0.75
Miranda Granger,1418.427452288392,4,1,0.25
Steven Siler,1525.582375417166,9,5,0.5555555555555556
Jennifer Maia,1546.7071408585734,12,6,0.5
Westin Wilson,1478.8326759003276,3,1,0.3333333333333333
Rongzhu,1434.1094935981314,2,0,0.0
Jason Gonzalez,1437.24041455517,4,1,0.25
Mitch Clarke,1441.1573798951374,7,2,0.2857142857142857
Colin Fletcher,1442.4,2,0,0.0
Jimy Hettes,1494.254718993885,6,3,0.5
Niklas Backstrom,1471.6956436302758,3,1,0.3333333333333333
Edgar Chairez,1478.5619208195656,3,1,0.3333333333333333
Mike Stumpf,1434.9967206734318,2,0,0.0
Mairon Santos,1538.4,1,1,1.0
Preston Parsons,1488.3267860590945,5,2,0.4
Enrique Barzola,1560.4619640862197,9,6,0.6666666666666666
Daniel Marcos,1588.829565948223,3,3,1.0
Vitor Miranda,1507.1001849955967,7,3,0.42857142857142855
Ricardo Romero,1456.763380162773,3,1,0.3333333333333333
Cody Gibson,1466.521171458009,8,3,0.375
Mark Godbeer,1472.1527962102496,4,2,0.5
Jesse Ronson,1420.2654049212458,6,1,0.16666666666666666
Mateusz Rebecki,1585.9204123405307,5,4,0.8
Lauren Mueller,1446.7690560014871,4,1,0.25
Daniel Sarafian,1472.7912097100057,6,2,0.3333333333333333
Chad Laprise,1519.7898962403517,10,6,0.6
Francisco Prado,1491.070389276845,3,1,0.3333333333333333
Wang Cong,1485.7365267664456,2,1,0.5
Dan Ige,1591.2775676347255,18,10,0.5555555555555556
Devonte Smith,1460.8391689310852,5,2,0.4
Guto Inocente,1437.959380813357,2,0,0.0
Mike Grundy,1459.3703987583378,4,1,0.25
Kiefer Crosbie,1427.3122468339134,2,0,0.0
Davey Grant,1544.3135644139575,12,6,0.5
Liliya Shakirova,1466.0382064910882,1,0,0.0
Francisco Figueiredo,1490.4748678072112,4,2,0.5
Chris Beal,1457.3707596040026,5,2,0.4
Baergeng Jieleyisi,1471.2,1,0,0.0
Casey Kenney,1590.229975351636,8,5,0.625
Zhang Lipeng,1490.7710012128166,4,2,0.5
Artem Lobov,1456.6296644294382,7,2,0.2857142857142857
Nazareno Malegarie,1477.6,1,0,0.0
Mike Pierce,1586.3773673027868,12,8,0.6666666666666666
Tamires Vidal,1437.28682111204,4,1,0.25
Chris Daukaus,1534.8338498342862,8,4,0.5
Guilherme Vasconcelos,1468.409402713064,1,0,0.0
Simeon Thoresen,1469.1130180356088,3,1,0.3333333333333333
Syuri Kondo,1433.8114565993337,4,1,0.25
Justin Jones,1444.7423626075524,2,0,0.0
Brian Ortega,1673.1748760702737,12,8,0.6666666666666666
Sam Patterson,1533.237765725346,3,2,0.6666666666666666
Natalia Silva,1663.4718583451042,6,6,1.0
Dan Hooker,1644.6901318694308,22,14,0.6363636363636364
Klaudia Sygula,1460.9567649218195,1,0,0.0
Peter Sobotta,1496.9574217546128,9,4,0.4444444444444444
Sijara Eubanks,1501.7139048904612,10,5,0.5
Daniel Spohn,1471.2,1,0,0.0
Mike Santiago,1399.2659787140947,3,0,0.0
Luis Henrique,1451.5104729085836,6,2,0.3333333333333333
Stanislav Nedkov,1456.87513537945,3,1,0.3333333333333333
Jesse Strader,1431.7312899821306,2,0,0.0
Mike Jackson,1463.7676518961957,4,2,0.5
Gray Maynard,1435.4564496931484,11,4,0.36363636363636365
Maki Pitolo,1393.3507050694327,6,1,0.16666666666666666
Bruna Brasil,1501.2581681593624,4,2,0.5
Tanner Boser,1520.5577017649834,10,5,0.5
Joshua Burkman,1369.0035599627367,8,1,0.125
Rafael Feijao,1436.5927850255684,5,1,0.2
Bernardo Magalhaes,1449.1820927345348,2,0,0.0
Riki Fukuda,1479.9366132824227,5,2,0.4
Alistair Overeem,1620.6081085063574,20,12,0.6
Blake Bilder,1462.656041376372,3,1,0.3333333333333333
Cody Garbrandt,1604.8757897684943,15,9,0.6
Kelvin Gastelum,1615.0619475380054,22,13,0.5909090909090909
Diego Rivas,1499.576231224485,4,2,0.5
Darrell Horcher,1438.197382570673,4,1,0.25
Stephen Thompson,1614.8486636574992,20,12,0.6
Roger Hollett,1439.6783476439343,2,0,0.0
Miranda Maverick,1585.4976490989272,11,7,0.6363636363636364
Albert Cheng,1471.2,1,0,0.0
Aleksei Kunchenko,1501.544182709694,4,2,0.5
Mateusz Gamrot,1676.4530032955747,10,7,0.7
Phil Rowe,1564.140852182942,5,3,0.6
Arman Tsarukyan,1708.55518252166,10,8,0.8
Daniel Kelly,1540.0741904220317,10,6,0.6
Sabina Mazo,1470.9322022188492,7,3,0.42857142857142855
Andy Enz,1419.8557350436708,3,0,0.0
Brendan Schaub,1545.4755805445157,10,6,0.6
Alexandre Pantoja,1720.5869340406668,16,13,0.8125
Anderson Dos Santos,1449.7979436903718,4,1,0.25
Gabriel Gonzaga,1484.1458594887808,12,5,0.4166666666666667
Dean Barry,1483.5741392043096,1,0,0.0
David Onama,1598.5986505017925,7,5,0.7142857142857143
Norma Dumont,1637.4865513152536,10,8,0.8
Donny Walker,1431.7392387297216,2,0,0.0
Tim Elliott,1516.400681799829,20,9,0.45
Jason Knight,1517.9735083241403,9,4,0.4444444444444444
Tom Niinimaki,1413.7369705608592,4,1,0.25
Kevin Croom,1445.146817679665,4,1,0.25
Tom Duquesnoy,1539.106403589011,3,2,0.6666666666666666
Sodiq Yusuff,1588.3443154926433,9,6,0.6666666666666666
Danny Castillo,1516.0158154567087,14,7,0.5
Marcelo Guimaraes,1469.3777122044005,4,2,0.5
Dione Barbosa,1503.0894911961968,2,1,0.5
Jack May,1428.6815021876928,2,0,0.0
Dmitrii Smoliakov,1387.547695044221,3,0,0.0
Cathal Pendred,1542.694664427931,6,4,0.6666666666666666
Kaue Fernandes,1515.2166313538185,2,1,0.5
Vernon Ramos,1471.2,1,0,0.0
Demetrious Johnson,1766.2652720855217,17,15,0.8823529411764706
Vitor Belfort,1549.0075134587187,13,7,0.5384615384615384
Josh Copeland,1443.118564597594,2,0,0.0
Michael Kuiper,1443.1276455259183,4,1,0.25
Mallory Martin,1483.549183940075,4,2,0.5
Devin Powell,1452.5174200035858,4,1,0.25
Roberto Sanchez,1466.5365360452859,3,1,0.3333333333333333
Joe Stevenson,1408.8476696646396,3,0,0.0
Michihiro Omigawa,1421.3498746416146,5,1,0.2
Abubakar Nurmagomedov,1501.4026357502619,4,2,0.5
Barb Honchak,1433.4426570223216,2,0,0.0
Tarec Saffiedine,1489.639576245264,6,2,0.3333333333333333
Wang Guan,1522.9486394606681,1,1,1.0
Alex Perez,1575.6785813331928,12,7,0.5833333333333334
Mario Bautista,1665.9890904883716,11,9,0.8181818181818182
Jimi Manuwa,1526.607977095878,12,6,0.5
Rogerio Nogueira,1497.7988945361565,12,5,0.4166666666666667
Conor McGregor,1683.2663797396567,14,10,0.7142857142857143
Ray Rodriguez,1445.306616187847,2,0,0.0
Christina Marks,1461.6,1,0,0.0
Zach Makovsky,1497.3420909814547,7,3,0.42857142857142855
Mackens Semerzier,1500.0,2,1,0.5
Richardson Moreira,1442.6530236873282,2,0,0.0
Karl Roberson,1446.3761340904894,10,4,0.4
Randy Costa,1433.0839399001661,6,2,0.3333333333333333
Eric Schafer,1409.5920798769025,3,0,0.0
Nikolas Motta,1539.798243811554,5,3,0.6
Sean Pierson,1549.2378663939705,6,4,0.6666666666666666
Gadzhi Omargadzhiev,1443.7354527688688,2,0,0.0
Abdul Razak Alhassan,1533.1268480231067,12,6,0.5
Jamie Mullarkey,1476.4500698718302,11,5,0.45454545454545453
Kazula Vargas,1453.1453349887504,4,1,0.25
Mike Breeden,1459.3272049051636,4,1,0.25
Polyana Viana,1468.216166183485,10,4,0.4
Ramsey Nijem,1496.7548385097643,10,5,0.5
Alex Munoz,1473.531361827588,1,0,0.0
Philip De Fries,1450.6558601242414,5,2,0.4
Paul Bradley,1453.101777886126,2,0,0.0
Leonard Garcia,1389.0364922588108,6,1,0.16666666666666666
Maria Oliveira,1433.4661995021504,4,1,0.25
Jordan Johnson,1610.6861690793985,4,4,1.0
Ednaldo Oliveira,1430.1079237806564,2,0,0.0
Mizuto Hirota,1412.7907119162473,6,1,0.16666666666666666
Todd Brown,1436.6031625570959,2,0,0.0
Devin Clark,1464.2729179266564,17,8,0.47058823529411764
Collin Anglin,1427.114332819515,2,0,0.0
Jim Crute,1532.124816014835,1,1,1.0
Timur Valiev,1479.518134118431,3,1,0.3333333333333333
Sean Strickland,1706.1992527397736,22,16,0.7272727272727273
Rose Namajunas,1646.4556718239671,17,11,0.6470588235294118
Cody Pfister,1431.9147908742789,4,1,0.25
Cesar Arzamendia,1433.0873430686954,2,0,0.0
Rashad Coulter,1417.4742177153005,4,1,0.25
Bogdan Guskov,1551.2898622932123,3,2,0.6666666666666666
Anthony Hamilton,1403.405896349169,10,3,0.3
Henry Cejudo,1694.7122665227516,14,10,0.7142857142857143
Viktoriia Dudakova,1521.6399261569145,3,2,0.6666666666666666
Francisco Trinaldo,1654.496311437414,26,18,0.6923076923076923
Michel Prazeres,1592.6046417865052,14,10,0.7142857142857143
Johnny Walker,1572.0231510964816,13,7,0.5384615384615384
Shavkat Rakhmonov,1757.0844463456003,7,7,1.0
Ricky Turcios,1474.7757609295134,4,2,0.5
Cat Zingano,1498.636274994183,7,3,0.42857142857142855
Claude Patrick,1571.4887936790049,4,3,0.75
Fernando Bruno,1438.0223251662349,2,0,0.0
Paul Craig,1536.240082835229,18,9,0.5
Michel Quinones,1437.2250951255844,2,0,0.0
Jon Olav Einemo,1442.3892736249054,2,0,0.0
Jessica-Rose Clark,1446.784170993145,9,4,0.4444444444444444
Anthony Ivy,1438.8765989682895,2,0,0.0
Lyoto Machida,1569.7343936312366,16,8,0.5
Maryna Moroz,1516.1192313007552,11,6,0.5454545454545454
Carlos Ulberg,1669.1475044019537,8,7,0.875
Mehdi Baghdad,1453.3197974778734,2,0,0.0
Mizuki Inoue,1498.3475498966282,2,1,0.5
Nick Roehrick,1463.4891012489259,1,0,0.0
Takenori Sato,1434.9742244534482,2,0,0.0
Ryan McGillivray,1471.2,1,0,0.0
Hugo Viana,1482.6391249634014,6,3,0.5
Stephen Bass,1471.2,1,0,0.0
Germaine de Randamie,1597.160614791814,9,6,0.6666666666666666
Rob Whiteford,1478.8999660653717,5,2,0.4
Mark Munoz,1538.0426456056189,12,7,0.5833333333333334
Cheyanne Vlismas,1501.7491432185645,2,1,0.5
Waldo Cortes-Acosta,1590.1045646281184,6,5,0.8333333333333334
Danny Downes,1444.5809593227666,2,0,0.0
Kajan Johnson,1545.8570440838157,7,4,0.5714285714285714
Geoff Neal,1663.814857320385,12,8,0.6666666666666666
Marc-Andre Barriault,1477.9143800244128,14,6,0.42857142857142855
Fares Ziam,1589.9174959663153,8,6,0.75
Terry Etim,1440.5458771385556,4,1,0.25
Jim Alers,1462.6837724258044,3,1,0.3333333333333333
Brandon Jenkins,1431.2308637742544,2,0,0.0
Kazuki Tokudome,1440.9682468427325,4,1,0.25
Piotr Hallmann,1465.6793303575557,6,2,0.3333333333333333
Priscila Cachoeira,1467.4886600347531,10,4,0.4
Darrell Montague,1409.1914175001584,3,0,0.0
Estevan Payan,1406.5819254118899,3,0,0.0
Manon Fiorot,1697.6461329005847,7,7,1.0
Deiveson Figueiredo,1709.9509102738139,16,12,0.75
Vinicius Queiroz,1461.6,1,0,0.0
Danny Henry,1490.3753507771028,4,2,0.5
Andre Petroski,1603.575645714564,9,7,0.7777777777777778
Montel Jackson,1657.3697265539831,10,8,0.8
Chico Camus,1477.4513631442778,7,3,0.42857142857142855
Aoriqileng,1502.5255343011595,6,3,0.5
Jesse Forbes,1461.6,1,0,0.0
Kyle Kingsbury,1468.7680799936488,7,3,0.42857142857142855
Juancamilo Ronderos,1432.467682207041,2,0,0.0
Hyder Amil,1569.9515723010345,2,2,1.0
Cindy Dandois,1474.54274362536,1,0,0.0
Noad Lahat,1479.062125224183,4,2,0.5
Steve Kennedy,1431.0702609862756,2,0,0.0
Cristiano Marcello,1436.1462793890805,4,1,0.25
SeungWoo Choi,1461.5768824954705,7,3,0.42857142857142855
Yoshihiro Akiyama,1410.0385674507713,6,1,0.16666666666666666
Joey Gomez,1440.6655543749666,2,0,0.0
Lina Lansberg,1438.1054888761882,11,4,0.36363636363636365
Anthony Lapsley,1432.5457601506362,2,0,0.0
Jay Hieron,1443.8803481504576,2,0,0.0
Dan Argueta,1440.7031975733996,4,1,0.25
Katlyn Chookagian,1624.027920093682,16,11,0.6875
Gleison Tibau,1520.4126919076546,18,10,0.5555555555555556
Harry Hunsucker,1396.9271289020003,3,0,0.0
Anistavio Medeiros,1461.6,1,0,0.0
James Wilks,1500.7955709527089,2,1,0.5
Abdul-Kerim Edilov,1530.8458638095235,1,1,1.0
Jean Matsumoto,1565.5818510756285,2,2,1.0
Ilir Latifi,1564.9054422471334,16,9,0.5625
Nick Ring,1517.6185259190045,6,3,0.5
Ricardo Lamas,1630.2558958801544,17,11,0.6470588235294118
Batgerel Danaa,1444.612073886979,4,1,0.25
Shi Ming,1538.4,1,1,1.0
Thomas Almeida,1508.5660687582042,10,5,0.5
Maycee Barber,1654.3197547230923,11,9,0.8181818181818182
Angela Magana,1399.4816571437925,3,0,0.0
Chris Spang,1471.2,1,0,0.0
DongHun Choi,1538.4,1,1,1.0
Joe Doerksen,1474.7358098120005,3,1,0.3333333333333333
Max Holloway,1785.8113973390707,30,22,0.7333333333333333
Yao Zhikui,1440.9302843513058,4,1,0.25
Joe Proctor,1492.4620754053944,8,4,0.5
Buddy Roberts,1488.57894523001,2,1,0.5
Bruno Silva,1530.9255079831887,17,8,0.47058823529411764
Deron Winn,1461.8252317605177,5,2,0.4
Lorenz Larkin,1560.5594716591982,10,5,0.5
Chris Wade,1577.2457860787406,7,5,0.7142857142857143
Daniel Roberts,1493.337785663096,7,3,0.42857142857142855
Chas Skelly,1626.2902421265137,12,8,0.6666666666666666
Orion Cosce,1449.2325657595854,3,1,0.3333333333333333
Chris Cope,1439.9072667531855,3,1,0.3333333333333333
Kevin Aguilar,1458.869442588247,6,2,0.3333333333333333
Jon Fitch,1526.504216847307,5,3,0.6
Zelim Imadaev,1405.5431010587113,3,0,0.0
Jeff Hughes,1421.6407111074345,3,0,0.0
Mike King,1461.6,1,0,0.0
Tim Boetsch,1525.0758940027058,20,10,0.5
Brunno Ferreira,1527.391588882646,5,3,0.6
Sarah Kaufman,1469.6964507763023,3,1,0.3333333333333333
Melissa Gatto,1557.3208674058187,5,3,0.6
Hakeem Dawodu,1543.8218761385901,10,6,0.6
Charles Byrd,1418.9911815824412,4,1,0.25
John Salter,1492.6640341479608,2,1,0.5
Poliana Botelho,1477.3030814330443,7,3,0.42857142857142855
Chris Leben,1460.453444631812,8,3,0.375
Yoislandy Izquierdo,1428.5679317548681,2,0,0.0
Gabriel Miranda,1463.7022620556506,3,1,0.3333333333333333
Journey Newson,1421.336104641594,6,2,0.3333333333333333
Stefan Sekulic,1456.1822871779013,2,0,0.0
Brian Kelleher,1464.8534745460206,17,8,0.47058823529411764
Josh Neer,1466.0127091199647,5,2,0.4
Joseph Holmes,1424.6704545427347,4,1,0.25
Julija Stoliarenko,1436.8183231160385,8,2,0.25
Shauna Bannon,1492.2523623689606,2,1,0.5
Paige VanZant,1530.6261515585918,9,5,0.5555555555555556
Connor Matthews,1454.6578122852054,1,0,0.0
Antonio Arroyo,1411.3644727550745,3,0,0.0
Ovince Saint Preux,1539.4665101310372,28,15,0.5357142857142857
Justin Edwards,1437.6671667447033,7,2,0.2857142857142857
Phil Davis,1615.1393545110518,11,8,0.7272727272727273
Mairbek Taisumov,1639.2034040328604,9,7,0.7777777777777778
Francisco Trevino,1461.6923732816824,3,1,0.3333333333333333
Chris Saunders,1461.6,1,0,0.0
Ozzy Diaz,1465.8269273965593,1,0,0.0
Johnny Munoz,1454.2218182040338,6,2,0.3333333333333333
Jamal Pogues,1525.495448204867,3,2,0.6666666666666666
Marlon Moraes,1549.0779957542768,11,5,0.45454545454545453
Dennis Hallman,1563.6328968079756,4,3,0.75
Kyoji Horiguchi,1629.1078395074726,8,7,0.875
Wilson Reis,1531.8109779325926,13,7,0.5384615384615384
Makwan Amirkhani,1505.1416802725628,14,7,0.5
Jack Jenkins,1540.1714792468517,4,3,0.75
Maxim Grishin,1485.7506363114003,5,2,0.4
Vincente Luque,1536.5282711685336,1,1,1.0
Rafael Natal,1512.1473413368105,16,9,0.5625
Bristol Marunde,1427.4269273965592,2,0,0.0
Gabriella Fernandes,1513.1732454922012,4,2,0.5
Khalid Taha,1464.8598274058113,6,2,0.3333333333333333
Rei Tsuruya,1527.3370582868956,1,1,1.0
Yosdenis Cedeno,1458.645666646721,4,1,0.25
Bruno Santos,1471.4783970565145,3,1,0.3333333333333333
Edwin Figueroa,1448.696586664855,6,2,0.3333333333333333
Thales Leites,1594.4172039515736,13,8,0.6153846153846154
Diana Belbita,1422.3911226628807,7,2,0.2857142857142857
Andre Fialho,1445.6937289883947,7,2,0.2857142857142857
Maciej Jewtuszko,1468.6060430869097,1,0,0.0
Fernando Padilla,1540.2538315829595,3,2,0.6666666666666666
Brandon Thatch,1437.776775744978,6,2,0.3333333333333333
Jumabieke Tuerxun,1401.839284767842,3,0,0.0
Carli Judice,1473.879010400084,1,0,0.0
Quang Le,1442.1989204566219,2,0,0.0
Leandro Issa,1479.3707593715362,5,2,0.4
Carlos Prates,1662.7328030659748,4,4,1.0
Nick Aguirre,1434.1282493112435,2,0,0.0
Brendson Ribeiro,1461.865213215137,3,1,0.3333333333333333
Khusein Askhabov,1469.0104807236642,1,0,0.0
Vinicius Moreira,1359.0131185848577,4,0,0.0
Tafon Nchukwi,1424.275708028764,6,2,0.3333333333333333
Rayanne dos Santos,1456.6421836879094,2,0,0.0
Alexandre Ferreira,1460.027805142519,1,0,0.0
Nate Maness,1566.77213996545,7,5,0.7142857142857143
Rob Broughton,1482.9784240138886,3,1,0.3333333333333333
Asu Almabayev,1617.2463524629268,4,4,1.0
Eric Spicely,1441.4159598500676,6,2,0.3333333333333333
Vinny Magalhaes,1489.933922560694,3,1,0.3333333333333333
Mark Eddiva,1443.4059864802698,4,1,0.25
Lucas Almeida,1497.2403523691225,4,2,0.5
Bo Nickal,1622.0171332323314,4,4,1.0
Sarah Alpar,1433.9326294043076,2,0,0.0
Antonio McKee,1480.9608688362114,1,0,0.0
Geraldo de Freitas,1479.4978462561319,3,1,0.3333333333333333
Chanmi Jeon,1442.5943419147736,2,0,0.0
Hector Sandoval,1496.184455505815,4,2,0.5
Jose Aldo,1673.2150674482577,22,14,0.6363636363636364
Ian Loveland,1473.174179285556,3,1,0.3333333333333333
Ronys Torres,1477.6,1,0,0.0
Germaine De Randamie,1536.6971093477102,1,1,1.0
Anton Turkalj,1384.7292102185515,4,0,0.0
Luke Zachrich,1459.660596015401,3,1,0.3333333333333333
Marlon Vera,1688.7818004087044,24,15,0.625
Iliarde Santos,1404.7222325689963,3,0,0.0
Melissa Martinez,1496.2741266212352,2,1,0.5
Jesse Lennox,1461.6,1,0,0.0
Andrea Lee,1481.7699547159446,13,5,0.38461538461538464
Kevin Jousset,1532.9015553772388,3,2,0.6666666666666666
Guido Cannetti,1463.4722280427898,10,4,0.4
Jessin Ayari,1436.5219513922366,4,1,0.25
Jaqueline Amorim,1593.8386837667158,4,3,0.75
Jarno Errens,1440.124444821855,4,1,0.25
Galore Bofando,1498.8950235747052,2,1,0.5
Rolando Dy,1430.2981103823986,4,1,0.25
Christian Rodriguez,1562.4365925285797,6,4,0.6666666666666666
Dwight Grant,1456.5619683540851,8,3,0.375
Josiane Nunes,1527.9347899283234,5,3,0.6
Jake Ellenberger,1461.536140904161,19,9,0.47368421052631576
Zachary Scroggin,1477.2958071680173,1,0,0.0
Scott Jorgensen,1405.5460873156906,12,4,0.3333333333333333
Eddie Alvarez,1579.575839615041,7,4,0.5714285714285714
Vik Grujic,1439.9012570221048,4,1,0.25
Sam Hughes,1495.263376885472,9,4,0.4444444444444444
Montserrat Conejo,1495.633658939431,2,1,0.5
Raulian Paiva,1500.4499846806546,7,3,0.42857142857142855
Da Woon Jung,1433.8278461024297,5,1,0.2
Claudia Gadelha,1542.3496988702136,11,6,0.5454545454545454
Keith Wisniewski,1417.656284326419,3,0,0.0
Humberto Bandenay,1443.1705919422716,4,1,0.25
Randy Couture,1488.7555915386315,2,1,0.5
Alex Caceres,1559.4493682427426,29,16,0.5517241379310345
Aaron Phillips,1389.4265478540212,4,0,0.0
Igor Araujo,1489.626894361662,4,2,0.5
James McSweeney,1427.4269273965592,2,0,0.0
Mason Jones,1521.9053963618624,3,2,0.6666666666666666
John Hathaway,1549.7316591065166,6,4,0.6666666666666666
Paulo Thiago,1386.271929011555,9,2,0.2222222222222222
Mickael Lebout,1482.388742121316,3,1,0.3333333333333333
Marcin Bandel,1427.103426518708,2,0,0.0
Yusuke Kasuya,1438.150833205233,2,0,0.0
Sage Northcutt,1578.0513609258817,8,6,0.75
Carlo Pedersoli,1476.1742599807935,3,1,0.3333333333333333
Zu Anyanwu,1476.4478919349167,1,0,0.0
Da Un Jung,1556.2538342914372,2,2,1.0
Michelle Waterson,1539.8316389635688,11,6,0.5454545454545454
Joe Riggs,1417.6528273038195,4,1,0.25
Benny Alloway,1469.0155699338654,3,1,0.3333333333333333
Spencer Fisher,1412.6428785572032,5,1,0.2
Curt Warburton,1461.5357983971217,3,1,0.3333333333333333
Sai Wang,1500.231583823839,2,1,0.5
Thiago Perpetuo,1453.8000383628264,3,1,0.3333333333333333
Shane del Rosario,1428.8219625379797,2,0,0.0
Krzysztof Jotko,1572.810308009038,16,10,0.625
Da-Un Jung,1531.3861365796176,1,1,1.0
Emily Ducote,1476.0733329441337,5,2,0.4
Chan Sung Jung,1620.8577399761534,12,7,0.5833333333333334
Chris Cariaso,1506.8418806196512,13,7,0.5384615384615384
Shinsho Anzai,1502.7759835729833,4,2,0.5
Miles Johns,1572.6157847985412,8,6,0.75
Curtis Millender,1535.7206519417387,5,3,0.6
Manny Bermudez,1515.8523610634813,5,3,0.6
Martin Bravo,1430.713567742444,4,1,0.25
Amilcar Alves,1438.0668868306911,2,0,0.0
Jessica Andrade,1627.956503615236,28,17,0.6071428571428571
Tyler Toner,1471.2,1,0,0.0
Justin Jaynes,1448.1525192676118,4,1,0.25
Erick Silva,1498.1169414604876,15,7,0.4666666666666667
Jake Hecht,1473.3343133987007,3,1,0.3333333333333333
Jenel Lausa,1436.1999171993377,4,1,0.25
Adriano Martins,1551.3795986544012,7,4,0.5714285714285714
Ryan Spann,1578.0219955563746,13,8,0.6153846153846154
James Llontop,1419.6136593093386,3,0,0.0
Chris Barnett,1478.1972756730115,5,2,0.4
Tatsuro Taira,1648.0423818144684,7,6,0.8571428571428571
Lavar Johnson,1502.0421667010394,4,2,0.5
Esteban Ribovics,1569.0377260989128,4,3,0.75
Francis Marshall,1492.5319709825142,4,2,0.5
Kay Hansen,1450.1926437290383,4,1,0.25
Luana Carolina,1540.7483259239723,9,6,0.6666666666666666
Sean Brady,1693.0892021354475,8,7,0.875
Nina Nunes,1499.5365910205735,2,1,0.5
Miguel Baeza,1485.6123332578952,7,3,0.42857142857142855
Juan Puig,1445.9024498976728,2,0,0.0
Damacio Page,1386.724409501712,3,0,0.0
Michael Morales,1677.045344091519,5,5,1.0
Stewart Nicoll,1464.274768717065,1,0,0.0
Anthony Rocco Martin,1614.5080861541342,13,8,0.6153846153846154
Martin Svensson,1461.6,1,0,0.0
Paul Redmond,1447.1935410558028,2,0,0.0
Brian Ebersole,1549.8741235518826,8,5,0.625
Mike Massenzio,1405.2578274000814,5,1,0.2
Jesus Pinedo,1500.9725602570677,2,1,0.5
Alexander Gustafsson,1551.4550179877317,17,9,0.5294117647058824
Abel Trujillo,1549.9199571253237,10,6,0.6
Vince Cachero,1434.4257895311446,2,0,0.0
Gokhan Saki,1493.6389210608224,2,1,0.5
Kanako Murata,1455.3843660110135,3,1,0.3333333333333333
Erik Silva,1431.5026067227232,2,0,0.0
Chris Clements,1498.2414447701303,4,2,0.5
Chris Dempsey,1416.6474602390267,4,1,0.25
Dhiego Lima,1436.886280009254,11,4,0.36363636363636365
Motonobu Tezuka,1446.8542825992831,2,0,0.0
Talita Alencar,1491.7457638298306,2,1,0.5
Liz Carmouche,1511.171962794877,10,5,0.5
Alonzo Menifield,1577.7674439275752,13,8,0.6153846153846154
Joachim Christensen,1471.1561230350185,3,1,0.3333333333333333
Jarjis Danho,1514.1318010257091,2,1,0.5
Ben Rothwell,1552.5629996628672,16,9,0.5625
Jordan Rinaldi,1493.092578292331,5,2,0.4
Rachael Ostovich,1420.0367497197099,4,1,0.25
Albert Tumenov,1566.6391048211528,8,5,0.625
Bubba McDaniel,1475.8018463406174,3,1,0.3333333333333333
Patrick Cote,1513.7802778229523,12,6,0.5
Suman Mokhtarian,1431.3704640962042,2,0,0.0
Paul Buentello,1461.6,1,0,0.0
Ryan Jensen,1457.3730726034407,3,1,0.3333333333333333
Rafael Estevam,1527.5218043543607,1,1,1.0
Thiago Tavares,1548.7661201879948,10,6,0.6
Kayla Harrison,1580.0520660950135,2,2,1.0
Fernie Garcia,1388.1314176865735,4,0,0.0
Jacqueline Cavalcanti,1569.9330410094788,3,3,1.0
Kamuela Kirk,1463.002651711186,3,1,0.3333333333333333
Kevin Souza,1557.376061208889,4,3,0.75
Darko Stosic,1443.087619736588,4,1,0.25
Ian McCall,1492.5164154934416,5,2,0.4
Ian Machado Garry,1651.8137837308307,6,5,0.8333333333333334
Douglas Silva de Andrade,1546.4884347456207,13,7,0.5384615384615384
Emily Peters Kagan,1438.4462558275009,2,0,0.0
Nordine Taleb,1529.721564818002,12,7,0.5833333333333334
Cory McKenna,1502.2043048179344,6,3,0.5
Andre Soukhamthath,1462.695290339684,7,2,0.2857142857142857
Magomed Mustafaev,1553.163370241764,5,3,0.6
Hunter Azure,1503.4753338666437,4,2,0.5
Junior Tafa,1486.0241512941786,5,2,0.4
Jason MacDonald,1430.1667302611659,4,1,0.25
Oliver Enkamp,1442.7361561063074,2,0,0.0
Ashley Yoder,1408.1144989553502,11,3,0.2727272727272727
Blood Diamond,1414.1712985051374,3,0,0.0
Takashi Sato,1441.7174854938949,7,2,0.2857142857142857
Michal Oleksiejczuk,1515.361410240993,14,7,0.5
Jan Blachowicz,1689.7015100382541,19,12,0.631578947368421
Francisco Rivera,1486.1085042612071,10,4,0.4
Virna Jandiroba,1603.1120362236813,10,6,0.6
John Makdessi,1526.5710135989116,20,11,0.55
Diego Nunes,1504.2516356654503,6,3,0.5
Pawel Pawlak,1468.2002892600558,3,1,0.3333333333333333
Nadia Kassem,1454.2953168782367,3,1,0.3333333333333333
Demian Maia,1650.6177179134415,26,16,0.6153846153846154
Paul Felder,1618.2638009637453,15,9,0.6
Victor Henry,1538.7260517175891,5,3,0.6
Christos Giagos,1458.158939020687,14,6,0.42857142857142855
Irwin Rivera,1483.9126404933545,3,1,0.3333333333333333
Askar Mozharov,1466.472114429519,1,0,0.0
Valerie Letourneau,1490.3786008932243,6,3,0.5
Karolina Kowalkiewicz,1502.9078473099576,18,9,0.5
Aori Qileng,1471.2,1,0,0.0
Danny Roberts,1479.5620106717358,14,7,0.5
Gillian Robertson,1624.352812317795,18,12,0.6666666666666666
Jorge Masvidal,1646.7583549155866,22,12,0.5454545454545454
Jose Daniel Medina,1471.2682615794474,1,0,0.0
Denys Bondar,1400.0033847379393,3,0,0.0
Alex Pereira,1764.1580815356003,10,9,0.9
Alex Soto,1437.7274179850103,2,0,0.0
Yaotzin Meza,1455.5507045199804,6,2,0.3333333333333333
Damian Grabowski,1403.5197631564101,3,0,0.0
Marcin Prachnio,1447.4500012700269,10,4,0.4
Alessandro Costa,1522.742946833824,4,2,0.5
Ron Stallings,1475.2119945417,3,1,0.3333333333333333
Clifford Starks,1458.5127289025245,3,1,0.3333333333333333
Curtis Blaydes,1703.0033512722791,18,13,0.7222222222222222
Andre Winner,1434.0995410508551,4,1,0.25
Roman Bogatov,1483.8749204849296,1,0,0.0
Ronda Rousey,1622.7621885549995,8,6,0.75
Luci Pudilova,1471.1524685097488,1,0,0.0
Terrence Mitchell,1433.7055730937286,2,0,0.0
Jonathan Wilson,1437.903399077209,4,1,0.25
Julian Marquez,1467.809253972086,7,3,0.42857142857142855
Nikita Krylov,1640.6756477871834,18,11,0.6111111111111112
Gegard Mousasi,1686.8989075568634,12,9,0.75
Mike Easton,1493.2836624396443,7,3,0.42857142857142855
Keith Berish,1471.2,1,0,0.0
Jack Marshman,1448.9865474881706,8,3,0.375
Chance Rencountre,1507.4767654928046,4,2,0.5
Felipe Bunes,1466.5868489024176,1,0,0.0
Cheick Kongo,1554.0948570660164,6,4,0.6666666666666666
Yusaku Kinoshita,1424.126829559914,2,0,0.0
Khalil Rountree Jr.,1605.7619409361137,15,9,0.6
Seth Petruzelli,1424.523760155565,2,0,0.0
Max Rohskopf,1459.5117094044351,1,0,0.0
John Maguire,1472.5319466238684,5,2,0.4
Naoki Inoue,1502.6596575808435,2,1,0.5
Henrique da Silva,1431.746361895891,6,2,0.3333333333333333
Brian Camozzi,1403.4229182615688,3,0,0.0
Cody Stamann,1498.181319170377,14,7,0.5
Naoyuki Kotani,1411.0408844706808,3,0,0.0
Roger Bowling,1427.7133120699975,2,0,0.0
Bojan Mihajlovic,1399.9030680978096,3,0,0.0
Jay Cucciniello,1471.2,1,0,0.0
Nyamjargal Tumendemberel,1474.7148071032552,1,0,0.0
Luiz Cane,1441.4511823159069,4,1,0.25
Merab Dvalishvili,1727.631175967899,13,11,0.8461538461538461
Viacheslav Borshchev,1496.9398950575976,6,3,0.5
Allan Zuniga,1474.4,1,0,0.0
Filip Pejic,1458.1659814015002,1,0,0.0
Milton Vieira,1475.747436586825,1,0,0.0
Luis Pajuelo,1461.8303494359295,1,0,0.0
Magnus Cedenblad,1564.6678412087995,6,4,0.6666666666666666
Kevin Natividad,1408.4968346301007,3,0,0.0
Alptekin Ozkilic,1428.624962549204,4,1,0.25
Randa Markos,1455.1094938310032,17,7,0.4117647058823529
Dominic Waters,1425.202055143539,3,0,0.0
Minotauro Nogueira,1463.7196321088163,6,2,0.3333333333333333
Hannah Cifers,1392.724398975229,7,2,0.2857142857142857
TJ Laramie,1439.9933273972001,2,0,0.0
Leonardo Santos,1578.2555023733082,10,7,0.7
Ketlen Vieira,1576.1252192153802,12,8,0.6666666666666666
Bharat Kandare,1461.6,1,0,0.0
Lukasz Brzeski,1413.054135877669,6,1,0.16666666666666666
Trey Waters,1560.6227325380132,2,2,1.0
Brendan O'Reilly,1435.9492795616725,4,1,0.25
Rafael Cerqueira,1464.8046657691855,1,0,0.0
Rafa Garcia,1525.032826903608,8,4,0.5
Jose Quinonez,1514.9279600995048,9,5,0.5555555555555556
Carlos Condit,1522.9972125893255,17,8,0.47058823529411764
Kevin Holland,1605.9548839566557,22,13,0.5909090909090909
Damir Ismagulov,1582.0904564292011,7,5,0.7142857142857143
Ali Qaisi,1469.1057086471048,1,0,0.0
Mike Davis,1552.0763596245606,5,3,0.6
Luana Santos,1561.021726882268,4,3,0.75
Felipe Olivieri,1455.6388252818888,1,0,0.0
Mostapha Al-Turk,1471.2,1,0,0.0
Yushin Okami,1517.5224322557233,12,7,0.5833333333333334
Mick Parkin,1612.6236355160868,4,4,1.0
Austen Lane,1464.286325211991,3,1,0.3333333333333333
Livinha Souza,1478.0689404795319,6,3,0.5
Don'Tale Mayes,1516.5867713349019,8,4,0.5
CM Punk,1436.6765617222086,2,0,0.0
Daron Cruickshank,1473.3384481314279,12,6,0.5
Ali AlQaisi,1471.2,1,0,0.0
Renzo Gracie,1461.6,1,0,0.0
Matt Hughes,1483.573587374133,4,2,0.5
Brandon Moreno,1673.4016745920649,15,10,0.6666666666666666
Michael Chandler,1543.3831122309873,6,2,0.3333333333333333
Alex Nicholson,1447.9633748403085,4,1,0.25
Caio Borralho,1687.2974865386093,7,7,1.0
Jared Vanderaa,1372.4956884192247,7,1,0.14285714285714285
Luis Pena,1559.695968183501,8,5,0.625
Elizeu Dos Santos,1510.9576494727532,2,1,0.5
Luiz Dutra,1447.3671363044527,2,0,0.0
Grant Dawson,1712.3408014042263,11,10,0.9090909090909091
Omar Antonio Morales Ferrer,1526.2381809912836,1,1,1.0
Adam Wieczorek,1529.4903720867308,3,2,0.6666666666666666
Sergei Pavlovich,1650.6615800374827,9,6,0.6666666666666666
Bentley Syler,1461.6,1,0,0.0
Felicia Spencer,1539.9710211281708,6,3,0.5
Sean Woodson,1596.3245633276529,7,6,0.8571428571428571
Hailey Cowan,1471.2,1,0,0.0
Pat Barry,1437.431710196349,9,3,0.3333333333333333
Tina Lahdemaki,1471.2,1,0,0.0
Brad Riddell,1517.6941321013244,7,4,0.5714285714285714
Jalin Turner,1597.292847099925,12,7,0.5833333333333334
Mac Danzig,1439.8277187669726,7,2,0.2857142857142857
Jon Delos Reyes,1431.068763692245,4,1,0.25
Nik Lentz,1566.0623254329935,22,13,0.5909090909090909
Fabio Cherant,1401.8419714948711,3,0,0.0
Domingo Pilarte,1453.2084295134848,3,0,0.0
Roosevelt Roberts,1464.714341114847,10,4,0.4
Pat Schilling,1433.6535962668258,2,0,0.0
Jimmie Rivera,1597.853420620697,11,7,0.6363636363636364
Puja Tomar,1520.9578163120905,1,1,1.0
Amanda Nunes,1759.0755224869074,18,16,0.8888888888888888
Mads Burnell,1469.2333117177766,3,1,0.3333333333333333
Jack Hermansson,1632.0461720624432,17,11,0.6470588235294118
Zarah Fairn,1388.0444447085347,4,0,0.0
Pat Healy,1420.6003254479274,4,0,0.0
Marcio Alexandre Junior,1421.4429423144238,3,0,0.0
Larissa Pacheco,1427.032688340472,2,0,0.0
SuYoung You,1528.8,1,1,1.0
Yoshinori Horie,1463.2463002624388,1,0,0.0
Azamat Murzakanov,1645.3360615342694,4,4,1.0
Jon Tuck,1510.2666385540906,9,4,0.4444444444444444
Alessandro Ricci,1448.8567780209873,2,0,0.0
Muslim Salikhov,1613.3002828274468,12,8,0.6666666666666666
Thiago Silva,1540.0285665748636,3,2,0.6666666666666666
Krzystof Jotko,1526.4271663610728,1,1,1.0
Wagner Silva,1430.789275962672,2,0,0.0
Zak Ottow,1501.3483222174518,8,4,0.5
Kris Moutinho,1429.4115476805907,2,0,0.0
Hector Aldana,1414.0519368970172,3,0,0.0
Taila Santos,1575.2364262459707,7,4,0.5714285714285714
Montserrat Rendon,1493.6738338293803,2,1,0.5
Steven Koslow,1461.6,1,0,0.0
Johny Hendricks,1552.8041448376089,19,11,0.5789473684210527
Tony Ferguson,1594.7388994439889,24,15,0.625
Mariya Agapova,1439.6596880145657,6,2,0.3333333333333333
AJ Dobson,1441.552608487749,4,1,0.25
Brady Hiestand,1578.407791444928,4,3,0.75
Eduarda Moura,1545.4818692655422,3,2,0.6666666666666666
Luana Pinheiro,1464.924571657238,6,3,0.5
Nate Diaz,1627.724058165108,18,10,0.5555555555555556
Dustin Hazelett,1426.4599852650056,2,0,0.0
Will Chope,1463.115541429876,1,0,0.0
Joe Lauzon,1516.1375243879095,20,10,0.5
Chris Curtis,1604.039075160032,8,5,0.625
Ernest Chavez,1453.7637553417426,3,1,0.3333333333333333
Jordan Wright,1408.0621702416533,7,2,0.2857142857142857
Matt Schnell,1457.2507534634049,14,6,0.42857142857142855
John Cofer,1427.4269273965592,2,0,0.0
Austin Lingo,1461.089140742311,5,2,0.4
Tom DeBlass,1444.557546737727,2,0,0.0
Jesse Bongfeldt,1465.1235373207583,1,0,0.0
Muhammad Mokaev,1684.4409682124992,7,7,1.0
Sam Alvey,1441.2580420414454,23,10,0.43478260869565216
Azat Maksum,1489.3305527800158,2,1,0.5
Mandy Bohm,1458.858367873483,3,1,0.3333333333333333
Peggy Morgan,1471.2,1,0,0.0
Nohelin Hernandez,1437.2875363860298,2,0,0.0
Jeremy Kimball,1431.9763913850518,4,1,0.25
Andreas Stahl,1435.1636322483914,2,0,0.0
James Krause,1640.0713300316318,13,9,0.6923076923076923
JP Buys,1372.793907252844,4,0,0.0
Brock Jardine,1433.556757360383,2,0,0.0
Luan Chagas,1461.7166537494365,3,1,0.3333333333333333
BJ Penn,1373.6806904313082,10,1,0.1
Fabricio Werdum,1662.8075077226374,14,10,0.7142857142857143
Polo Reyes,1549.8031572049715,6,4,0.6666666666666666
Gabriel Bonfim,1566.868035548827,4,3,0.75
Todd Duffee,1499.5905658918016,4,2,0.5
Roman Dolidze,1652.6678158296204,11,8,0.7272727272727273
Clay Guida,1492.5774995428665,27,13,0.48148148148148145
Tor Troeng,1450.9581818598826,4,1,0.25
Rob Emerson,1471.2,1,0,0.0
Tim Johnson,1532.1292859554399,7,4,0.5714285714285714
Tagir Ulanbekov,1593.1933952283234,5,4,0.8
Kai Kara France,1503.474045342323,2,1,0.5
Walt Harris,1493.356575358872,15,6,0.4
Andrew Craig,1470.7521961961013,7,3,0.42857142857142855
Raoni Barcelos,1583.2979957705522,11,7,0.6363636363636364
Ikram Aliskerov,1557.1442843857965,3,2,0.6666666666666666
Lone'er Kavanagh,1528.8,1,1,1.0
Emil Meek,1468.7712326274007,4,1,0.25
Jonathan Brookins,1472.5648292232786,5,2,0.4
Victor Altamirano,1458.1278472947,6,2,0.3333333333333333
Mark Scanlon,1471.2,1,0,0.0
Antonio Silva,1423.6183252741023,10,3,0.3
Collin Hart,1471.2,1,0,0.0
Cody Donovan,1418.109237379041,4,1,0.25
Nicolas Dalby,1565.5361401503862,12,7,0.5833333333333334
Steve Montgomery,1438.1418138475303,2,0,0.0
James Bochnovic,1424.6550419719374,2,0,0.0
Leonardo Augusto Leleco,1441.8259584052234,2,0,0.0
Jay Perrin,1413.016006995878,3,0,0.0
Duane Ludwig,1409.5874165027737,6,2,0.3333333333333333
An Ying Wang,1497.6181327544894,2,1,0.5
Hannah Goldy,1422.2138830621514,5,1,0.2
Matt Brown,1563.6682984346328,25,13,0.52
Ashkan Mokhtarian,1436.3050646232853,2,0,0.0
Aaron Riley,1468.9923716763078,3,1,0.3333333333333333
Karlos Vemola,1452.1969520103237,6,2,0.3333333333333333
Jimmy Crute,1495.2129743312473,7,3,0.42857142857142855
Istela Nunes,1376.609615837366,4,0,0.0
Elves Brener,1530.234114679071,5,3,0.6
Al Iaquinta,1573.5179264592146,15,9,0.6
TJ Waldburger,1512.9858212896581,8,4,0.5
Sean Spencer,1447.317347399772,8,3,0.375
Amir Albazi,1625.0117334618897,6,5,0.8333333333333334
Forrest Petz,1439.4778691776457,2,0,0.0
Matt Frevola,1543.6516968804453,9,5,0.5555555555555556
Dennis Bermudez,1555.133612808155,17,10,0.5882352941176471
Yan Xiaonan,1635.1036885693604,12,9,0.75
Martin Day,1401.2318914109064,3,0,0.0
Michael Bisping,1612.374144064375,18,12,0.6666666666666666
Magomed Gadzhiyasulov,1522.7820484022939,1,1,1.0
Evan Dunham,1496.2245798180772,17,8,0.47058823529411764
Derrick,1472.8013557918027,1,0,0.0
Alexander Hernandez,1531.2944351660535,14,7,0.5
Marcos Rogerio De Lima,1528.8,1,1,1.0
David Dvorak,1502.867469148663,6,3,0.5
Tim Gorman,1448.417467905817,2,0,0.0
John Gunderson,1497.6181327544894,2,1,0.5
Jonavin Webb,1449.2339934296974,2,0,0.0
Chris Camozzi,1482.4343078695565,19,9,0.47368421052631576
Callan Potter,1466.9023119149817,3,1,0.3333333333333333
Gavin Tucker,1522.8152434652231,7,4,0.5714285714285714
CJ Keith,1427.81894871572,2,0,0.0
Josh Culibao,1520.2010289561265,6,3,0.5
Bevon Lewis,1438.170227588833,4,1,0.25
Bryce Mitchell,1636.2063152108435,10,8,0.8
Rodolfo Vieira,1584.6609659502521,7,5,0.7142857142857143
Nazim Sadykhov,1572.1522539390326,2,2,1.0
Benardo Sopaj,1461.6,1,0,0.0
Benson Henderson,1667.15035780706,14,11,0.7857142857142857
Jeremy Kennedy,1545.224732959055,4,3,0.75
Trey Ogden,1541.533191991208,5,3,0.6
Ryan Couture,1435.533753605091,2,0,0.0
Lara Procopio,1473.9715613554774,3,1,0.3333333333333333
Paul Kelly,1502.3317040978197,4,2,0.5
Steve Steinbeiss,1471.2,1,0,0.0
Nora Cornolle,1547.9470613042195,3,2,0.6666666666666666
Izabela Badurek,1471.2,1,0,0.0
Michinori Tanaka,1477.21928212133,5,2,0.4
Chelsea Chandler,1506.9599040804137,4,2,0.5
Askar Askarov,1570.8485347240428,4,3,0.75
Jason Novelli,1444.010191495588,2,0,0.0
Vaughan Lee,1448.5144004263511,8,3,0.375
Cortney Casey,1476.7473462934147,15,6,0.4
Ailin Perez,1583.7549253927646,5,4,0.8
Iasmin Lucindo,1592.931322516039,5,4,0.8
Farid Basharat,1619.0439012111492,4,4,1.0
Chris de la Rocha,1428.6620773322998,4,1,0.25
Jonathan Martinez,1629.763424842938,15,10,0.6666666666666666
Cody Haddon,1526.05267140371,1,1,1.0
Daniel Lacerda,1338.1407414135206,5,0,0.0
Johnny Eduardo,1463.1220649668815,8,3,0.375
Ketlen Souza,1538.5855102352623,3,2,0.6666666666666666
Danilo Belluardo,1424.8305901392885,2,0,0.0
Marcos Vinicius,1461.6,3,1,0.3333333333333333
Anton Kuivanen,1459.5726902912124,3,1,0.3333333333333333
Akira Corassani,1471.8119745164097,6,3,0.5
Rodolfo Bellato,1536.0987708002403,1,1,1.0
Rocco Martin,1521.6784510686637,2,1,0.5
Bubba Bush,1458.4241770059857,1,0,0.0
Ryan LaFlare,1574.986675002808,10,7,0.7
Tae Hyun Bang,1471.4290939528305,5,2,0.4
Josh Parisian,1413.1609234464017,7,2,0.2857142857142857
Ryan Bader,1639.8188724888448,16,11,0.6875
Lukasz Sajewski,1411.0281423085169,3,0,0.0
Martin Sano,1465.0778978416197,1,0,0.0
Claudio Silva,1569.4800156545125,8,5,0.625
Fabricio Camoes,1413.660729525682,5,1,0.2
King Green,1570.7606715127072,5,3,0.6
Danny Barlow,1558.6249608011738,2,2,1.0
Herbert Burns,1430.866125740337,6,2,0.3333333333333333
Katsunori Kikuno,1475.1280679825752,5,2,0.4
John Gunther,1491.6915480032908,2,1,0.5
Danaa Batgerel,1541.7474249526197,3,2,0.6666666666666666
Cody Durden,1511.979494995405,11,6,0.5454545454545454
Joshua Weems,1458.8292500508555,1,0,0.0
Zhalgas Zhamagulov,1470.0778276761519,1,0,0.0
John Moraga,1558.5251476133594,14,8,0.5714285714285714
Gabriel Santos,1481.5761941099297,3,1,0.3333333333333333
Roldan Sangcha-an,1436.3494335088635,2,0,0.0
Mike Rhodes,1416.3556320711095,3,0,0.0
Carlos Leal,1481.1868651646241,1,0,0.0
Nate Quarry,1461.6,1,0,0.0
Norifumi Yamamoto,1410.0225638666823,3,0,0.0
Rich Attonito,1514.1092625100614,5,3,0.6
Kurt Pellegrino,1484.1828997741318,3,1,0.3333333333333333
Arjan Bhullar,1549.6398417566004,4,3,0.75
Alexis Dufresne,1444.7818672455107,2,0,0.0
Mara Romero Borella,1437.7569002860191,8,3,0.375
Jordan Griffin,1441.6073242094822,5,1,0.2
Rampage Jackson,1491.7300725890225,7,3,0.42857142857142855
Jonny Parsons,1539.407485899828,1,1,1.0
Dong Hyun Kim,1606.9318428713561,14,10,0.7142857142857143
Yair Rodriguez,1657.6102490612375,14,10,0.7142857142857143
Josh Grispi,1378.0867723036401,4,0,0.0
Justin Willis,1582.5437870323335,5,4,0.8
Leonardo Mafra,1433.882430805507,4,1,0.25
Kaan Ofli,1461.6,1,0,0.0
Sean O'Malley,1708.4614212518484,12,10,0.8333333333333334
Paul Taylor,1512.9497679518342,2,1,0.5
Kwan Ho Kwak,1429.4837887675176,2,0,0.0
Renee Forte,1430.9801136485883,4,1,0.25
Josefine Knutsson,1555.2181327544893,2,2,1.0
Bryan Caraway,1590.5859284537726,10,6,0.6
Martin Kampmann,1530.2241781461694,8,4,0.5
Makhmud Muradov,1548.3293200570542,6,4,0.6666666666666666
Eddie Wineland,1454.5437198040906,16,6,0.375
Goran Reljic,1445.2129605402565,2,0,0.0
Gerald Meerschaert,1575.6127257826324,22,12,0.5454545454545454
Steve Bosse,1533.3674752981929,3,2,0.6666666666666666
Besam Yousef,1436.6453489812936,2,0,0.0
Frank Camacho,1427.1092367724302,7,2,0.2857142857142857
Lucie Pudilova,1427.0364989079205,10,3,0.3
Pannie Kianzad,1486.7432128042835,11,5,0.45454545454545453
Cristian Quinonez,1472.9361558195951,3,1,0.3333333333333333
Brian Houston,1443.9353278743442,2,0,0.0
Rhys McKee,1401.3864270360712,4,0,0.0
Sergey Khandozhko,1547.1191816859346,3,2,0.6666666666666666
George Sotiropoulos,1438.4537087627107,6,2,0.3333333333333333
Trevin Jones,1462.9511101352293,6,2,0.3333333333333333
Dustin Ortiz,1570.9471265767343,14,8,0.5714285714285714
CB Dollaway,1490.5475350084193,14,7,0.5
Jesse Taylor,1530.9981657692597,1,1,1.0
Dan Hardy,1464.9937425333433,6,2,0.3333333333333333
Amanda Lemos,1606.6374902484795,12,8,0.6666666666666666
Francimar Barroso,1500.5428656663848,8,4,0.5
Ed Herman,1545.8609870360951,16,9,0.5625
Lauren Murphy,1565.8345548545794,14,8,0.5714285714285714
Peter Yan,1540.1698435770759,1,1,1.0
Marcelo Rojo,1403.2385363878418,3,0,0.0
Victor Rodriguez,1423.174192621647,2,0,0.0
Stephan Bonnar,1566.7647938392547,4,3,0.75
Kaynan Kruschewsky,1435.887115368845,2,0,0.0
John Phillips,1399.2637252987688,6,1,0.16666666666666666
Tiago Trator,1492.1746055408212,4,2,0.5
Jiri Prochazka,1631.2640808266312,6,4,0.6666666666666666
Khalid Murtazaliev,1540.7285269737133,1,1,1.0
Mackenzie Dern,1585.7076403397245,14,9,0.6428571428571429
Dan Moret,1416.6282049828085,3,0,0.0
Mario Miranda,1440.9711246517918,4,1,0.25
Louis Cosce,1437.0896973884117,2,0,0.0
Melissa Mullins,1533.2228272107473,3,2,0.6666666666666666
Terrion Ware,1394.6234411387723,4,0,0.0
Justine Kish,1485.3353997572895,7,3,0.42857142857142855
John Howard,1428.4048989214025,11,4,0.36363636363636365
Phillipe Nover,1462.0537710160784,4,1,0.25
Gasan Umalatov,1447.431423979073,4,1,0.25
Andy Ogle,1389.503041465362,6,1,0.16666666666666666
Joaquim Silva,1526.3412029528406,11,6,0.5454545454545454
Albert Morales,1410.4467426195506,5,1,0.2
Nam Phan,1429.6506417193793,8,2,0.25
John Dodson,1597.9626829062338,17,10,0.5882352941176471
Colby Covington,1707.5515845168152,16,12,0.75
Nick Catone,1481.9228033388713,4,2,0.5
Pat Audinwood,1435.9701955474193,2,0,0.0
Nathan Coy,1463.5491098485759,3,1,0.3333333333333333
Andre Ewell,1464.7336526168244,9,4,0.4444444444444444
Dave Herman,1403.1845621469854,5,1,0.2
Clay Collard,1446.6076592486538,4,1,0.25
Raquel Pennington,1656.1308226920594,19,13,0.6842105263157895
Brian Stann,1531.3694912982778,7,4,0.5714285714285714
Impa Kasanganay,1490.2201617797555,4,2,0.5
Kamal Shalorus,1407.7112793321148,3,0,0.0
Dennis Buzukja,1458.6266227228791,4,1,0.25
William Gomis,1611.189977071013,4,4,1.0
Sabah Homasi,1409.1427264671736,3,0,0.0
Youssef Zalel,1528.8,1,1,1.0
Neil Seery,1493.4093208602449,7,3,0.42857142857142855
Myles Jury,1584.5377308223347,12,8,0.6666666666666666
Clay Harvison,1441.5315514187391,3,1,0.3333333333333333
Kalindra Faria,1405.5547842337144,3,0,0.0
Austin Hubbard,1462.2986458612168,10,4,0.4
Mounir Lazzez,1491.4895835508091,4,2,0.5
Raphael Pessoa Nunes,1500.7347461969873,2,1,0.5
Daniel Zellhuber,1542.9042567818874,5,3,0.6
Chris Gruetzemacher,1467.8610994399091,7,3,0.42857142857142855
Gina Mazany,1385.6653279859888,8,2,0.25
Cynthia Calvillo,1507.3924290627417,12,6,0.5
Ben Askren,1505.8092648953896,3,1,0.3333333333333333
Dominique Steele,1430.6180424172928,5,1,0.2
Joshua Sampo,1444.3331069001097,4,1,0.25
Alex Torres,1477.6,1,0,0.0
Daria Zhelezniakova,1494.231273482347,2,1,0.5
Vince Morales,1455.6341483564781,9,3,0.3333333333333333
Felipe Silva,1460.819171619786,3,1,0.3333333333333333
Kris McCray,1409.6880976683199,3,0,0.0
Renan Barao,1512.6088125236968,17,9,0.5294117647058824
Melquizael Costa,1510.8438119310313,4,2,0.5
Mike Pyle,1494.507029787702,16,9,0.5625
Shana Dobson,1452.2052395113112,6,2,0.3333333333333333
Lisa Ellis,1424.2607612702784,2,0,0.0
Matheus Nicolau,1547.3065183807205,11,7,0.6363636363636364
Caol Uno,1461.6,1,0,0.0
Erin Blanchfield,1689.0800093253604,8,7,0.875
Leslie Smith,1523.371180128742,7,4,0.5714285714285714
TJ O'Brien,1429.602547706943,2,0,0.0
Marco Polo Reyes,1422.4822615420126,2,0,0.0
Bobby Nash,1416.1853842524895,3,0,0.0
Lucio Linhares,1461.6,1,0,0.0
Trevor Peek,1472.4233758182995,5,2,0.4
Richie Vaculik,1425.0961047373746,4,1,0.25
Brad Katona,1491.8297515189781,8,4,0.5
Cody Brundage,1473.718161350208,9,4,0.4444444444444444
Byron Bloodworth,1435.3529965632724,2,0,0.0
Bill Algeo,1513.5428209675156,10,5,0.5
Cameron Smotherman,1529.3037123029098,1,1,1.0
Michael McDonald,1574.6340864092585,9,6,0.6666666666666666
Felice Herrig,1490.7531848756996,10,5,0.5
Yoshiyuki Yoshida,1471.2,1,0,0.0
Modestas Bukauskas,1505.567424148755,8,4,0.5
Kai Kara-France,1606.512920987408,10,7,0.7
Brock Lesnar,1461.1900612854258,3,1,0.3333333333333333
Tonya Evinger,1417.3032422795095,3,0,0.0
Yana Kunitskaya,1529.1273742401238,7,4,0.5714285714285714
Nick Maximov,1485.6833776139945,4,2,0.5
Siyar Bahadurzada,1529.4282030172774,8,4,0.5
Mark Madsen,1550.4982059006513,6,4,0.6666666666666666
Tracy Cortez,1605.8870888563868,6,5,0.8333333333333334
Zhang Mingyang,1572.5730726034408,2,2,1.0
Tyron Woodley,1631.4690512316104,15,9,0.6
Leo Kuntz,1439.9751020685985,2,0,0.0
Antonio Braga Neto,1483.6937013258644,3,1,0.3333333333333333
Landon Quinones,1448.8019622806921,2,0,0.0
Masanori Kanehara,1479.9724038406907,3,1,0.3333333333333333
Kevin Borjas,1435.7431349894537,2,0,0.0
Kai Kamaka,1433.1325139496873,2,0,0.0
Garett Whiteley,1407.1701955474193,3,0,0.0
Brandon Royval,1619.072285494996,10,7,0.7
Joe Merritt,1472.4847660598327,1,0,0.0
Stevie Ray,1562.9879972667122,11,7,0.6363636363636364
Milana Dudieva,1448.6820341765547,3,1,0.3333333333333333
Michel Batista,1461.6,1,0,0.0
DaMarques Johnson,1445.1859243460706,8,3,0.375
Liang Na,1389.1189975942943,3,0,0.0
Sara McMann,1520.7589184569345,13,7,0.5384615384615384
Kyle Prepolec,1446.418389673126,2,0,0.0
Vagner Rocha,1444.2540680467396,4,1,0.25
Tabatha Ricci,1584.3654234503429,9,6,0.6666666666666666
Waylon Lowe,1484.1406075932525,4,2,0.5
Jamey-Lyn Horth,1528.733214815778,3,2,0.6666666666666666
Caio Machado,1425.8128479804745,3,0,0.0
Juan Espino,1545.3486170236356,3,2,0.6666666666666666
Trevin Giles,1471.584230887041,14,7,0.5
Bobby Green,1558.678629658422,19,10,0.5263157894736842
Reinier de Ridder,1549.1775096399035,1,1,1.0
Cody East,1414.789113358776,2,0,0.0
Mitch Raposo,1478.6308295109309,1,0,0.0
Yorgan De Castro,1437.7617886389442,4,1,0.25
Dmitry Sosnovskiy,1539.7106917937963,1,1,1.0
James Irvin,1427.4269273965592,2,0,0.0
Daichi Abe,1472.431387914954,3,1,0.3333333333333333
Ismail Naurdiev,1545.1475129513117,5,3,0.6
Carlton Minus,1443.83906842057,2,0,0.0
Alekander Volkov,1533.013803735829,1,1,1.0
Ismael Bonfim,1544.5574529209027,3,2,0.6666666666666666
Alen Amedovski,1367.2391923369894,4,0,0.0
Patrick Williams,1439.1298196825783,4,1,0.25
Rory Markham,1461.6,1,0,0.0
Brian Bowles,1476.2459654111958,4,2,0.5
Kyle Daukaus,1459.7612532412024,6,2,0.3333333333333333
Carlos Huachin,1447.9246108789255,2,0,0.0
Mike Wilkinson,1511.8032567758228,4,2,0.5
Ronny Markes,1492.8469136497943,5,3,0.6
Matt Wiman,1501.8875686604883,10,5,0.5
Igor Severino,1484.0,1,0,0.0
Louis Smolka,1479.0793380748432,17,8,0.47058823529411764
Benito Lopez,1487.831551241254,4,2,0.5
Matt Hamill,1492.040509972361,6,3,0.5
Sumudaerji,1407.3683360121256,3,0,0.0
Hacran Dias,1486.1019856394748,8,3,0.375
Joanne Calderwood,1515.8753979291196,13,7,0.5384615384615384
Oli Thompson,1426.4910506447607,2,0,0.0
Urijah Faber,1614.912159706064,18,11,0.6111111111111112
Nathaniel Wood,1616.0223879724033,11,8,0.7272727272727273
Aaron Simpson,1508.9115239666228,8,4,0.5
Carlos Vera,1476.0543510463003,1,0,0.0
Niklas Stolze,1401.0174771228978,3,0,0.0
Nathan Fletcher,1538.4,1,1,1.0
Tresean Gore,1518.6527642652854,4,2,0.5
Josh Samman,1520.7990568097537,5,3,0.6
Misha Cirkunov,1487.2234623345366,13,6,0.46153846153846156
James Toney,1461.6,1,0,0.0
Ignacio Bahamondes,1606.461447182346,7,5,0.7142857142857143
Ariel Beck,1461.6,1,0,0.0
Mike de la Torre,1444.1324776854992,6,2,0.3333333333333333
Joey Gambino,1442.7802918120437,2,0,0.0
Luke Barnatt,1521.4335126539156,6,3,0.5
Issei Tamura,1461.7939318929357,3,1,0.3333333333333333
Bekzat Almakhan,1482.9324557075167,1,0,0.0
Corey Anderson,1612.2357624098945,15,10,0.6666666666666666
Kyle Bochniak,1445.1744726553293,7,2,0.2857142857142857
Manel Kape,1572.865158691891,7,4,0.5714285714285714
Joby Sanchez,1409.0826481291735,5,1,0.2
Erick Gonzalez,1405.2993375583937,3,0,0.0
Manuel Rodriguez,1471.2,1,0,0.0
Phil Harris,1434.0038883202383,4,1,0.25
Maximo Blanco,1491.0513965695636,9,4,0.4444444444444444
Yasuhiro Urushitani,1437.984483393202,2,0,0.0
Martin Buday,1562.4662518228472,6,5,0.8333333333333334
Alexandr Romanov,1606.1940083404133,10,7,0.7
Calvin Kattar,1608.5047872897633,13,7,0.5384615384615384
Renato Moicano,1689.2927179942678,17,12,0.7058823529411765
Nina Ansaroff,1543.2840138528245,7,4,0.5714285714285714
Darren Elkins,1619.7847397900698,29,19,0.6551724137931034
Matt Mitrione,1565.2498442848457,13,8,0.6153846153846154
Alatengheili,1564.7557316933808,4,3,0.75
Pedro Falcao,1471.2,1,0,0.0
Eric Shelton,1466.9052576392717,6,2,0.3333333333333333
Cyrille Diabate,1476.5997385636938,8,4,0.5
Payton Talbott,1602.979908761926,3,3,1.0
Dusko Todorovic,1437.2996505755666,8,3,0.375
Ramazan Temirov,1538.0251610046023,1,1,1.0
Bethe Correia,1466.05184724573,11,5,0.45454545454545453
Bec Rawlings,1437.9292542150836,7,2,0.2857142857142857
Tatsuya Kawajiri,1525.2378625928854,6,3,0.5
Tony Gravely,1508.29430765851,8,4,0.5
Maia Stevenson,1461.6,1,0,0.0
Aiemann Zahabi,1607.7803007612215,8,6,0.75
Danielle Taylor,1472.4361546397574,5,2,0.4
Glaico Franca,1478.531255180655,3,1,0.3333333333333333
Derrick Krantz,1479.848863128413,1,0,0.0
Mohammad Yahya,1433.504108596318,2,0,0.0
Jon Manley,1471.2,1,0,0.0
Jack Shore,1558.6875448640035,9,6,0.6666666666666666
Mike Swick,1469.468304219593,3,1,0.3333333333333333
Jussier Formiga,1567.6463378522817,16,9,0.5625
Billy Quarantillo,1557.0824415481381,10,6,0.6
Clayton Carpenter,1569.359527911229,2,2,1.0
Ion Cutelaba,1494.5762717623134,16,7,0.4375
Ivana Petrovic,1480.2693681614453,3,1,0.3333333333333333
Seth Baczynski,1474.0831579734988,11,5,0.45454545454545453
Vanessa Melo,1456.1681910370573,4,1,0.25
Josh Bryant,1461.6,1,0,0.0
Humberto Brown,1471.2,1,0,0.0
Cung Le,1494.3736898956959,4,2,0.5
Ian Garry,1583.8150545867434,3,3,1.0
Thomas Petersen,1506.2689338004695,2,1,0.5
Chad Griggs,1438.544787463695,2,0,0.0
Philip Rowe,1469.1273616708363,1,0,0.0
Khadis Ibragimov,1394.349722661336,4,0,0.0
Raphael Assuncao,1563.4094724372972,19,12,0.631578947368421
Charalampos Grigoriou,1424.8178464069379,2,0,0.0
Cole Williams,1435.3289094346956,2,0,0.0
Mansur Abdul-Malik,1534.3312539157546,1,1,1.0
Gregor Gillespie,1680.4590873577895,8,7,0.875
Tucker Lutz,1439.4051157424592,4,1,0.25
Ludovit Klein,1610.8826185813348,9,7,0.7777777777777778
Holly Holm,1542.0494840841363,15,8,0.5333333333333333
Joe Soto,1492.5291832705566,8,3,0.375
Charles Johnson,1560.969329148344,10,6,0.6
Caros Fodor,1478.5423100632481,1,0,0.0
Ode Obsourne,1472.988880736913,1,0,0.0
Bruno Korea,1471.2,1,0,0.0
Joanna Jedrzejczyk,1586.1882816922541,15,10,0.6666666666666666
Yanis Ghemmouri,1440.5033850169696,2,0,0.0
Nad Narimani,1488.9211339511648,4,2,0.5
Mike Rio,1432.4506056593611,4,1,0.25
Tecia Pennington,1520.1726879524106,2,1,0.5
Ernesta Kareckaite,1471.2,1,0,0.0
Robert Bryczek,1466.521488439304,1,0,0.0
Lando Vannata,1467.246383056259,11,4,0.36363636363636365
Jared Gooden,1455.160040445505,7,2,0.2857142857142857
Mizuki,1524.4099711259148,1,1,1.0
Danilo Marques,1474.954065382864,4,2,0.5
Randy Brown,1666.1470741089151,19,13,0.6842105263157895
Brian Foster,1562.466928803087,2,2,1.0
Scott Askham,1469.9588477949799,6,2,0.3333333333333333
Bruno Souza,1447.2869972663927,2,0,0.0
Daniel Spitz,1436.6416964733894,4,1,0.25
Adam Fugitt,1499.045464176936,4,2,0.5
Taylor Lapilus,1592.7785118050165,8,6,0.75
Leandro Silva,1507.8000600590847,7,3,0.42857142857142855
Sasha Palatnikov,1451.590745212458,3,1,0.3333333333333333
Cesar Almeida,1541.5987656218822,3,2,0.6666666666666666
Diego Brandao,1559.678060736612,10,6,0.6
Cezar Ferreira,1542.3353303707304,15,9,0.6
Shunichi Shimizu,1458.2941463508955,1,0,0.0
Ravena Oliveira,1474.1295372070592,1,0,0.0
George Roop,1456.2690095157243,10,4,0.4
Isaac Dulgarian,1551.7984792102854,3,2,0.6666666666666666
Willamy Freire,1470.0786681882494,1,0,0.0
Darrick Minner,1458.895884689432,6,2,0.3333333333333333
JeongYeong Lee,1507.9198778091734,3,2,0.6666666666666666
Phil Baroni,1464.775822994014,1,0,0.0
Jin Soo Son,1445.2771311289023,2,0,0.0
Stipe Miocic,1728.1910222169502,19,14,0.7368421052631579
Jhonata Diniz,1532.058216127314,3,2,0.6666666666666666
Cole Miller,1477.0045519285777,12,5,0.4166666666666667
Karine Gevorgyan,1461.6,1,0,0.0
Zarrukh Adashev,1429.44469784305,4,1,0.25
Joe Giannetti,1477.6,1,0,0.0
Hector Lombard,1452.0087571391766,11,3,0.2727272727272727
John Castaneda,1545.9838682701566,7,4,0.5714285714285714
Matt Dwyer,1442.8787642151613,4,1,0.25
Elias Garcia,1431.6004504868488,2,0,0.0
Gabe Ruediger,1424.8080483602562,2,0,0.0
Wagner Campos,1461.6,1,0,0.0
John Teixeira,1477.6,1,0,0.0
Azamat Gashimov,1432.8190719257102,2,0,0.0
Josh Shockley,1435.647154052905,2,0,0.0
Rocky Lee,1471.2,1,0,0.0
Cameron VanCamp,1426.309992652464,2,0,0.0
Ray Borg,1573.1257685812668,12,7,0.5833333333333334
Ryan Janes,1506.787765839991,4,2,0.5
Magomed Ankalaev,1748.1540305937388,12,11,0.9166666666666666
Rodolfo Rubio,1471.2,1,0,0.0
Jared Hamman,1434.3644897507154,6,2,0.3333333333333333
Jeka Saragih,1457.4690403610086,3,1,0.3333333333333333
Jack Della Maddalena,1717.943833486837,7,7,1.0
Eiji Mitsuoka,1424.7226239395275,2,0,0.0
Justin Gaethje,1688.5680650890151,13,8,0.6153846153846154
Thiago Alves,1447.1521765901534,15,6,0.4
Jeremy Larsen,1393.8261958429803,3,0,0.0
Costas Philippou,1558.272487115051,10,6,0.6
Adam Yandiev,1470.403047439229,1,0,0.0
Don Madge,1564.0298044525807,2,2,1.0
Luis Saldana,1522.189020468151,3,2,0.6666666666666666
Terrance McKinney,1514.7960845496655,9,5,0.5555555555555556
Evan Elder,1499.405881523953,4,2,0.5
Roger Zapata,1457.3730726034407,1,0,0.0
Ryan MacDonald,1435.1815775865496,2,0,0.0
Youssef Zalal,1566.4013035940518,8,5,0.625
Darren Stewart,1478.6888290048694,12,5,0.4166666666666667
Aleksandar Rakic,1587.4470067845218,10,6,0.6
Thomas Gifford,1435.6561374644432,2,0,0.0
Dooho Choi,1567.4077576835684,8,5,0.625
Greg Hardy,1490.9679319537922,9,4,0.4444444444444444
AJ Cunningham,1467.0439319385755,1,0,0.0
Cris Cyborg,1625.9843837811293,7,6,0.8571428571428571
Matt Serra,1474.023611054365,1,0,0.0
Marcos Mariano,1433.4440826330972,2,0,0.0
Raphael Pessoa,1465.4013914455227,1,0,0.0
Craig White,1447.3604810032436,2,0,0.0
Jamie Moyle,1462.3216661267988,3,1,0.3333333333333333
Kurt Holobaugh,1445.3384374911498,7,2,0.2857142857142857
Shamar Bailey,1457.1133075474274,3,1,0.3333333333333333
Ildemar Alcantara,1504.012527989396,7,4,0.5714285714285714
Marcin Tybura,1619.6056897732767,21,13,0.6190476190476191
Timmy Cuamba,1447.972350283084,2,0,0.0
Kiichi Kunimoto,1512.3587241187886,5,3,0.6
Wellington Turman,1443.6135244618365,9,3,0.3333333333333333
Steven Peterson,1463.5070967381819,8,3,0.375
Loopy Godinez,1550.1983882763373,12,7,0.5833333333333334
Saparbeg Safarov,1438.7116457657712,4,1,0.25
Jasmine Jasudavicius,1603.730449786645,8,6,0.75
Anthony Pettis,1644.129970129161,20,11,0.55
Alex Chambers,1410.5799055822997,5,1,0.2
Vinc Pichel,1572.488910595369,11,7,0.6363636363636364
Juan Adams,1427.9692391985766,4,1,0.25
Anna Elmose,1434.9498356453034,2,0,0.0
Tamdan McCrory,1472.2251093938387,3,1,0.3333333333333333
Jimmy Wallhead,1441.8369684140696,2,0,0.0
Mats Nilsson,1443.5377929756016,2,0,0.0
Georges St-Pierre,1685.1454105564812,7,7,1.0
Ricardo Ramos,1528.0940225295708,13,8,0.6153846153846154
Uros Medic,1561.549365139107,6,4,0.6666666666666666
James Hammortree,1471.2,1,0,0.0
Miguel Torres,1497.1382744595,4,2,0.5
Kelly Faszholz,1436.1508211161313,2,0,0.0
Royston Wee,1518.8461795849978,3,2,0.6666666666666666
Shannon Ross,1395.608358890196,3,0,0.0
Marcel Fortuna,1473.8484751339001,3,1,0.3333333333333333
Justin Tafa,1524.0084104740386,8,4,0.5
Darrius Flowers,1410.2060633271071,3,0,0.0
Edmen Shahbazyan,1530.709983726779,11,6,0.5454545454545454
Marvin Vettori,1632.7928266947963,14,9,0.6428571428571429
Jimmy Flick,1467.8641174721336,5,2,0.4
Melsik Baghdasaryan,1547.9633995446027,4,3,0.75
Mike Malott,1595.7881173506582,5,4,0.8
Danny Chavez,1463.6398505066795,3,1,0.3333333333333333
Delson Heleno,1461.6,1,0,0.0
Molly McCann,1501.332237488193,13,7,0.5384615384615384
Joaquin Buckley,1674.9437893258064,14,10,0.7142857142857143
Viscardi Andrade,1556.9424643286104,4,3,0.75
Luke Sanders,1459.0726596474121,8,3,0.375
Daniel Cormier,1724.7216593194205,14,11,0.7857142857142857
Gaetano Pirrello,1434.5688409933034,2,0,0.0
Caio Magalhaes,1557.64762506603,7,4,0.5714285714285714
Vladimir Matyushenko,1493.9892533910056,6,3,0.5
Marion Reneau,1476.9834489695702,12,5,0.4166666666666667
Anshul Jubli,1486.1384200891187,2,1,0.5
Zviad Lazishvili,1474.2816597221888,1,0,0.0
TJ Dillashaw,1711.952446026072,18,13,0.7222222222222222
Anthony Smith,1595.1706593663991,24,13,0.5416666666666666
Nassourdine Imavov,1676.1908253993454,9,7,0.7777777777777778
Cameron Saaiman,1519.5927040735135,5,3,0.6
Joanne Wood,1492.5378520094948,4,2,0.5
Matthew Lopez,1474.4184515631157,6,2,0.3333333333333333
Giga Chikadze,1650.59639012387,10,8,0.8
HyunSung Park,1564.3521730024852,2,2,1.0
Albert Duraev,1483.4568004603316,4,2,0.5
Karol Rosa,1549.349971405668,9,6,0.6666666666666666
James Moontasri,1478.0575419624222,6,2,0.3333333333333333
Alan Baudot,1375.3659496576875,4,0,0.0
Anthony Hernandez,1660.209557222299,9,7,0.7777777777777778
Michelle Waterson-Gomez,1413.4457964806588,4,0,0.0
Yohan Lainesse,1414.7475406018461,4,1,0.25
Alejandro Perez,1572.91081104801,12,8,0.6666666666666666
Fredson Paixao,1461.6,1,0,0.0
Joanderson Brito,1637.2962045429483,7,5,0.7142857142857143
Darian Weeks,1428.0249950446578,3,0,0.0
MarQuel Mederos,1526.7791717427974,1,1,1.0
Mark De La Rosa,1417.7191139843374,7,2,0.2857142857142857
Josh Thomson,1497.7419517250044,4,1,0.25
Spike Carlyle,1478.388739258762,3,1,0.3333333333333333
Manuel Torres,1563.279305172867,4,3,0.75
Isaac Vallie-Flagg,1447.2502103650913,4,1,0.25
Willie Gates,1440.6228802602886,4,1,0.25
Rick Story,1598.3561572962753,16,10,0.625
Andreas Michailidis,1428.7382749701912,4,1,0.25
Chris Holdsworth,1565.3195264128096,2,2,1.0
Nurullo Aliev,1525.0068335932483,1,1,1.0
Ryan Loder,1538.4,1,1,1.0
Daniel Barez,1489.1740477856918,2,1,0.5
Hatsu Hioki,1456.1367948153086,8,3,0.375
Ryan Hall,1582.8302109380097,6,5,0.8333333333333334
Eddie Yagin,1493.6402378197672,2,1,0.5
Beneil Dariush,1705.543688965621,22,16,0.7272727272727273
Roger Narvaez,1457.6191565164152,3,1,0.3333333333333333
Dylan Andrews,1451.1652999139349,5,2,0.4
Sam Stout,1435.5666957054434,12,5,0.4166666666666667
Josh Fremd,1452.9437079618147,6,2,0.3333333333333333
Alessio Sakara,1429.4225318560011,5,1,0.2
Wagner Prado,1435.5322422728696,2,0,0.0
Charlie Valencia,1461.6,1,0,0.0
Christian Morecraft,1429.2675631188304,4,1,0.25
Pascal Krauss,1488.116833746284,4,2,0.5
Paul Daley,1471.2,1,0,0.0
Sultan Aliev,1499.3543645743716,4,2,0.5
Cory Sandhagen,1704.7915971148964,14,10,0.7142857142857143
John Alessio,1441.1318113070054,2,0,0.0
Nolan Ticman,1449.331962386114,2,0,0.0
Abus Magomedov,1564.2814198124042,5,3,0.6
Antonio Dos Santos,1420.9612422883026,2,0,0.0
John Albert,1394.461808920097,5,1,0.2
Austin Arnett,1442.6540519125185,4,1,0.25
Shanna Young,1448.1499943011893,4,1,0.25
James Head,1456.5121970768455,5,2,0.4
Shane Howell,1433.5880252332747,2,0,0.0
Aleksa Camur,1447.6120127314148,4,1,0.25
Amanda Ribas,1581.664481855151,11,7,0.6363636363636364
Junior Assuncao,1497.429417443007,2,1,0.5
Glover Teixeira,1715.485463055975,23,16,0.6956521739130435
Kevin Lee,1589.2429720186672,19,11,0.5789473684210527
Ruan Potts,1402.6547171601553,3,0,0.0
Rafael Alves,1466.9414472375076,4,1,0.25
Toshiomi Kazama,1466.72228738705,3,1,0.3333333333333333
Brandon Vera,1419.7689237242312,4,1,0.25
Leon Edwards,1777.9599177736102,17,14,0.8235294117647058
KJ Noons,1465.7933788765513,5,2,0.4
David Zawada,1463.9381580111583,5,1,0.2
Jodie Esquibel,1389.4689889741742,4,0,0.0
Shane Roller,1451.1076453314984,6,2,0.3333333333333333
Jairzinho Rozenstruik,1633.9449392397426,14,9,0.6428571428571429
Tom Breese,1574.9841635080406,8,5,0.625
Rodrigo de Lima,1432.1172330077454,2,0,0.0
Tim Credeur,1461.6,1,0,0.0
Allen Crowder,1449.7693465816453,3,1,0.3333333333333333
Drakkar Klose,1649.6260531375344,10,8,0.8
Gregory Rodrigues,1645.8305911781595,9,7,0.7777777777777778
Luan Lacerda,1436.903237028538,2,0,0.0
Jordan Vucenic,1468.6561232559627,1,0,0.0
Alberto Mina,1562.2866111773567,4,3,0.75
Paul Sass,1540.4567114344693,5,3,0.6
John Allan,1456.5285043617193,2,0,0.0
Jessica Eye,1438.660755675109,15,5,0.3333333333333333
Bobby Voelker,1386.3660035106611,4,0,0.0
Chris Fishgold,1446.2454136151557,4,1,0.25
Robert Whittaker,1721.5578659015946,23,17,0.7391304347826086
Carlos Mota,1470.5147464350193,1,0,0.0
JJ Aldrich,1545.6795744693957,15,9,0.6
Jordan Mein,1531.070527357882,9,5,0.5555555555555556
Steve Erceg,1533.037735314341,5,3,0.6
Mike Russow,1511.6844165609862,5,3,0.6
Felipe Arantes,1497.6429193036167,11,5,0.45454545454545453
Patrick Cummins,1465.3998229560714,13,6,0.46153846153846156
Mitch Ramirez,1467.7738427238112,1,0,0.0
Francis Ngannou,1796.5063592635145,14,12,0.8571428571428571
Casey O'Neill,1576.4613273128525,7,5,0.7142857142857143
Benoit Saint Denis,1606.7563096069032,8,5,0.625
Mike Rodriguez,1440.1468366083022,7,2,0.2857142857142857
Jai Herbert,1493.3961641535886,7,3,0.42857142857142855
Roxanne Modafferi,1456.4816268736272,12,4,0.3333333333333333
Tony Sims,1477.8449811624096,3,1,0.3333333333333333
Ricardo Almeida,1503.3283635414891,4,2,0.5
Paddy Pimblett,1685.23521044988,6,6,1.0
Antonio Carlos Junior,1541.204736036565,11,6,0.5454545454545454
Garrett Armfield,1470.6559008463698,5,2,0.4
Zak Cummings,1645.518249769919,14,10,0.7142857142857143
David Branch,1484.4948931669426,9,4,0.4444444444444444
Ben Nguyen,1537.4328973106994,7,4,0.5714285714285714
Masio Fullen,1454.7527347533526,3,1,0.3333333333333333
William Patolino,1444.8354320088285,4,1,0.25
Abdul-Kareem Al-Selwady,1460.5392387297215,1,0,0.0
Jacare Souza,1573.5238351286607,17,9,0.5294117647058824
Jeremy Stephens,1542.040333424306,25,11,0.44
Elizabeth Phillips,1463.8701141125978,4,1,0.25
Lucas Alexander,1452.247630448218,3,1,0.3333333333333333
Chael Sonnen,1509.6117492554074,7,3,0.42857142857142855
Kyle Watson,1490.049626763233,2,1,0.5
Denis Tiuliulin,1390.3292991684832,6,1,0.16666666666666666
Dustin Kimura,1474.7079295294031,5,2,0.4
Kron Gracie,1459.298546015013,4,1,0.25
Mike Brown,1487.0739701687203,5,2,0.4
Loma Lookboonmee,1577.0795102784791,8,6,0.75
Shawn Jordan,1566.9970479645397,10,6,0.6
Carlston Harris,1578.1510394707288,6,4,0.6666666666666666
Alexa Grasso,1616.983707543911,12,8,0.6666666666666666
Eddie Gordon,1439.6409229836318,4,1,0.25
Steve Lopez,1475.1342923520072,1,0,0.0
Talita Bernardo,1435.4161851747017,4,1,0.25
Boston Salmon,1419.7966305243503,2,0,0.0
Roman Kopylov,1574.6835062313976,8,5,0.625
Stefan Struve,1492.188925152495,20,10,0.5
Ross Pearson,1448.2853746853152,23,10,0.43478260869565216
Marco Beltran,1505.3890164899412,5,3,0.6
Desmond Green,1545.8364614937911,7,4,0.5714285714285714
Jamahal Hill,1652.3426750773333,9,7,0.7777777777777778
Julio Arce,1566.0123507876067,10,6,0.6
Carl Deaton,1443.3804735673527,2,0,0.0
Zhalgas Zhumagulov,1418.478041465198,6,1,0.16666666666666666
Jake Hadley,1484.0994875484837,7,3,0.42857142857142855
Sung Bin Jo,1463.4186031514887,1,0,0.0
Kevin Casey,1438.221586904773,4,1,0.25
Manolo Zecchini,1461.6,1,0,0.0
Jorge Rivera,1505.8818020770796,4,2,0.5
Mark Hominick,1424.5616182895171,5,1,0.2
Yuri Villefort,1448.147787354474,2,0,0.0
Dan Lauzon,1471.2,1,0,0.0
Joselyne Edwards,1537.992677402671,8,5,0.625
Emily Whitmire,1412.3703521364757,6,2,0.3333333333333333
Jianping Yang,1471.2,1,0,0.0
Kai Asakura,1482.1215816466176,1,0,0.0
Bolaji Oki,1483.0194492867936,2,1,0.5
Tiequan Zhang,1442.7358494208809,4,1,0.25
Veronica Macedo,1431.281660278403,5,1,0.2
Ricardo Funch,1399.0582333331909,3,0,0.0
Brandon Davis,1426.2895834496526,9,2,0.2222222222222222
Kyung Ho Kang,1562.4724623451762,13,8,0.6153846153846154
Edson Barboza,1629.3584980813293,30,18,0.6
Daniel Omielanczuk,1489.3122852631388,9,4,0.4444444444444444
Michael Graves,1566.9178919246528,2,2,1.0
Davi Ramos,1574.689259344239,7,4,0.5714285714285714
Rodrigo Damm,1476.9397512831397,7,3,0.42857142857142855
Kyle Stewart,1432.95743092666,2,0,0.0
Alexander Volkanovski,1747.463020971084,16,13,0.8125
Ronaldo Rodriguez,1553.4705574323928,2,2,1.0
Frankie Edgar,1585.345898712245,22,12,0.5454545454545454
Mark Bocek,1540.8812189408623,7,4,0.5714285714285714
Erick Montano,1440.8249040751496,3,1,0.3333333333333333
Gaston Bolanos,1516.9099609880525,3,2,0.6666666666666666
Ramazan Emeev,1542.073560616612,8,5,0.625
Chris Duncan,1552.906793264806,4,3,0.75
Aliaskhab Khizriev,1538.4,1,1,1.0
Augusto Montano,1466.8291428530795,3,1,0.3333333333333333
Danny Mitchell,1444.9622424148604,2,0,0.0
Kleydson Rodrigues,1455.8078492658522,4,1,0.25
Thiago Moises,1558.5321101007057,13,7,0.5384615384615384
Jesse Butler,1444.0350231243383,2,0,0.0
Vanessa Demopoulos,1528.7529765490347,8,5,0.625
Vitor Petrino,1577.2960599981227,5,4,0.8
James Vick,1573.9983408262924,14,9,0.6428571428571429
Liudvik Sholinian,1448.7122842009665,2,0,0.0
Felipe dos Santos,1475.518870155616,3,1,0.3333333333333333
Brendon Marotte,1431.5325963137839,2,0,0.0
Yui Chul Nam,1474.5573230736445,3,1,0.3333333333333333
Alex Garcia,1512.070429157499,10,5,0.5
Eliot Marshall,1410.632926993956,3,0,0.0
Brianna Van Buren,1503.9794118424913,2,1,0.5
Tuco Tokkos,1461.6,1,0,0.0
